,date,basis_factor_shift,profit_factor_shift,consumption_factor_shift,y,signal
0,2013-01-15,-117.0,5848.0,20186.85,1,1.0
1,2013-01-16,-127.0,5853.0,33269.04,1,1.0
2,2013-01-17,-267.0,5771.0,50940.09,1,1.0
3,2013-01-18,-267.0,5639.0,43349.14,1,1.0
4,2013-01-21,-313.0,5564.0,26600.87,1,1.0
5,2013-01-22,-189.0,5460.0,29983.2,1,1.0
6,2013-01-23,-216.0,5463.0,29674.99,1,1.0
7,2013-01-24,-429.0,5251.0,23273.96,1,1.0
8,2013-01-25,-496.0,5178.0,15754.37,1,1.0
9,2013-01-28,-589.0,4925.0,18053.71,0,1.0
10,2013-01-29,-603.0,5208.0,18810.76,1,1.0
11,2013-01-30,-1118.0,5140.0,18663.45,0,0.0
12,2013-01-31,-1057.0,4943.0,21889.18,0,0.0
13,2013-02-01,-1004.0,4780.0,18343.82,0,0.0
14,2013-02-18,-850.0,4817.0,22891.55,0,0.0
15,2013-02-19,-530.0,4903.0,29458.24,0,1.0
16,2013-02-20,-745.0,4908.0,28903.52,0,0.0
17,2013-02-21,-672.0,4769.0,28100.4,0,0.0
18,2013-02-22,-522.0,4743.0,24409.19,1,1.0
19,2013-02-25,-598.0,4905.0,15418.79,1,1.0
20,2013-02-26,-494.0,4906.0,14885.9,1,1.0
21,2013-02-27,-366.0,5090.0,13420.08,1,1.0
22,2013-02-28,-396.0,5100.0,11622.9849,1,1.0
23,2013-03-01,-550.0,4838.0,13436.4717,1,1.0
24,2013-03-04,-514.0,4683.0,20488.4216,1,1.0
25,2013-03-05,-754.0,4654.0,22507.5717,1,1.0
26,2013-03-06,-760.0,4516.0,21096.7866,1,1.0
27,2013-03-07,-819.0,4398.0,16256.4383,1,1.0
28,2013-03-08,-793.0,4352.0,15409.2068,1,1.0
29,2013-03-11,-906.0,4448.0,13651.9232,0,0.0
30,2013-03-12,-809.0,4371.0,17719.168,1,1.0
31,2013-03-13,-751.0,4382.0,14596.558,1,1.0
32,2013-03-14,-949.0,4329.0,19336.3912,0,0.0
33,2013-03-15,-944.0,4144.0,17371.6731,0,0.0
34,2013-03-18,-1011.0,3816.0,18845.9405,0,0.0
35,2013-03-19,-778.0,3542.0,23830.7921,1,1.0
36,2013-03-20,-797.0,3764.0,21276.9846,1,1.0
37,2013-03-21,-796.0,3749.0,19896.8234,1,1.0
38,2013-03-22,-837.0,4070.0,20307.8783,1,1.0
39,2013-03-25,-790.0,4198.0,23623.1481,1,1.0
40,2013-03-26,-772.0,4330.0,24678.93,1,1.0
41,2013-03-27,-908.0,4448.0,21735.86,1,1.0
42,2013-03-28,-889.0,4223.0,25129.1013,1,0.0
43,2013-04-02,-862.0,4193.0,28587.0183,1,1.0
44,2013-04-03,-890.0,4347.0,16607.0639,0,0.0
45,2013-04-08,-837.0,4114.0,14524.4782,0,0.0
46,2013-04-09,-922.0,4429.0,14355.1789,0,0.0
47,2013-04-10,-890.0,4644.0,11565.9509,0,0.0
48,2013-04-11,-999.0,4708.0,9755.5822,0,0.0
49,2013-04-12,-919.0,4574.0,9208.2955,0,0.0
50,2013-04-15,-873.0,4638.0,8832.5604,0,0.0
51,2013-04-16,-785.0,4494.0,12513.1068,0,0.0
52,2013-04-17,-783.0,4633.0,12413.7887,0,0.0
53,2013-04-18,-805.0,4718.0,11608.6499,0,0.0
54,2013-04-19,-782.0,4550.0,14038.8312,0,0.0
55,2013-04-22,-514.0,4693.0,17187.3265,0,0.0
56,2013-04-23,-582.0,4695.0,15638.7247,1,1.0
57,2013-04-24,-560.0,4574.0,20947.5597,1,1.0
58,2013-04-25,-506.0,4668.0,19728.4665,1,1.0
59,2013-04-26,-464.0,4870.0,15520.563,1,1.0
60,2013-05-02,-545.0,4837.0,16395.0189,1,1.0
61,2013-05-03,-510.0,4745.0,16330.4657,1,1.0
62,2013-05-07,-627.0,4492.0,23780.4981,1,1.0
63,2013-05-08,-715.0,4285.0,25221.5823,1,0.0
64,2013-05-09,-738.0,4314.0,28615.8003,1,1.0
65,2013-05-10,-826.0,4248.0,24881.9902,0,0.0
66,2013-05-13,-959.0,4234.0,21432.9962,0,0.0
67,2013-05-14,-824.0,4462.0,26600.7866,1,1.0
68,2013-05-15,-818.0,4525.0,24510.1407,0,0.0
69,2013-05-16,-794.0,4407.0,21917.8924,1,1.0
70,2013-05-17,-770.0,4484.0,26249.3026,1,1.0
71,2013-05-20,-815.0,4500.0,23067.0,1,1.0
72,2013-05-21,-892.0,4419.0,25781.4012,0,0.0
73,2013-05-22,-857.0,4503.0,22091.6813,0,0.0
74,2013-05-23,-812.0,4738.0,22594.9381,0,1.0
75,2013-05-24,-798.0,4800.0,59604.5479,1,1.0
76,2013-05-28,-805.0,5017.0,46159.8039,1,1.0
77,2013-05-29,-845.0,5012.0,22955.5392,1,1.0
78,2013-05-30,-795.0,5007.0,21928.6454,1,1.0
79,2013-05-31,-762.0,5084.0,28499.9287,1,1.0
80,2013-06-03,-784.0,5113.0,19416.5531,1,1.0
81,2013-06-04,-830.0,5267.0,25085.2668,0,0.0
82,2013-06-05,-875.0,4845.0,21656.4782,0,0.0
83,2013-06-06,-883.0,4593.0,22206.8758,0,0.0
84,2013-06-07,-875.0,4653.0,35184.7822,0,0.0
85,2013-06-13,-904.0,4571.0,18716.9615,0,0.0
86,2013-06-14,-1027.0,4188.0,32598.0081,0,0.0
87,2013-06-17,-747.0,4063.0,39138.8599,0,0.0
88,2013-06-18,-566.0,4025.0,38295.6468,1,1.0
89,2013-06-19,-646.0,4119.0,40140.8189,1,1.0
90,2013-06-20,-660.0,4393.0,41666.5623,1,1.0
91,2013-06-21,-588.0,4505.0,34210.1219,1,1.0
92,2013-06-24,-604.0,4699.0,28957.9246,1,1.0
93,2013-06-25,-672.0,4774.0,27733.639,0,0.0
94,2013-06-26,-695.0,4958.0,38660.9815,0,0.0
95,2013-06-27,-723.0,4705.0,31833.5397,0,0.0
96,2013-06-28,-740.0,4878.0,31476.789,0,0.0
97,2013-07-01,-650.0,4842.0,50311.5557,1,1.0
98,2013-07-02,-658.0,4924.0,41264.6212,0,0.0
99,2013-07-03,-685.0,4705.0,43298.9148,0,0.0
100,2013-07-04,-710.0,4808.0,56939.1336,0,0.0
101,2013-07-05,-731.0,4647.0,44914.272,0,0.0
102,2013-07-08,-710.0,4648.0,34498.0983,0,0.0
103,2013-07-09,-720.0,4765.0,30739.2019,0,0.0
104,2013-07-10,-623.0,4715.0,39653.1872,0,0.0
105,2013-07-11,-440.0,4597.0,35680.5123,1,1.0
106,2013-07-12,-547.0,4494.0,6756.2182,1,0.0
107,2013-07-15,-519.0,4766.0,19563.6482,1,1.0
108,2013-07-16,-515.0,4719.0,57168.8031,1,1.0
109,2013-07-17,-595.0,4719.0,66645.3725,1,1.0
110,2013-07-18,-597.0,4817.0,60378.1564,1,1.0
111,2013-07-19,-620.0,4915.0,14932.8682,0,0.0
112,2013-07-22,-649.0,4756.0,24205.7526,0,0.0
113,2013-07-23,-674.0,4537.0,83923.3909,0,0.0
114,2013-07-24,-661.0,4535.0,75084.4691,0,0.0
115,2013-07-25,-719.0,4578.0,64462.6598,0,0.0
116,2013-07-26,-741.0,4576.0,32583.673,0,0.0
117,2013-07-29,-583.0,4530.0,42937.026,0,1.0
118,2013-07-30,-476.0,4667.0,129288.1635,0,0.0
119,2013-07-31,-539.0,4742.0,101933.8809,0,0.0
120,2013-11-28,-618.0,4668.0,96895.3814,0,0.0
121,2013-11-29,995.0,6288.0,12311.5538,1,1.0
122,2013-12-02,913.0,6286.0,14450.18,1,1.0
123,2013-12-03,772.0,6107.0,16853.4238,1,1.0
124,2013-12-04,820.0,6216.0,14693.9102,1,1.0
125,2013-12-06,785.0,6211.0,13419.0149,1,1.0
126,2013-12-09,732.0,6170.0,20977.6885,0,1.0
127,2013-12-10,697.0,5929.0,13197.1009,0,0.0
128,2013-12-11,705.0,5945.0,13115.0656,0,0.0
129,2013-12-12,694.0,5916.0,11988.3618,1,1.0
130,2013-12-13,689.0,5669.0,11495.9742,1,1.0
131,2013-12-16,693.0,5601.0,10586.0422,0,1.0
132,2013-12-17,718.0,5601.0,8848.1,1,1.0
133,2013-12-18,721.0,5596.0,9903.1947,1,1.0
134,2013-12-19,728.0,5721.0,7729.0011,1,1.0
135,2013-12-20,676.0,5724.0,6257.5128,1,1.0
136,2013-12-23,680.0,5692.0,8067.3784,1,1.0
137,2013-12-24,734.0,5717.0,8826.2204,1,1.0
138,2013-12-26,681.0,5825.0,7761.6302,1,1.0
139,2013-12-27,546.0,5830.0,7960.0406,1,1.0
140,2013-12-30,220.0,5723.0,6765.545,1,1.0
141,2013-12-31,343.0,5572.0,12291.8368,1,1.0
142,2014-01-02,189.0,5498.0,9818.3787,1,1.0
143,2014-01-03,145.0,5539.0,12370.2536,1,1.0
144,2014-01-06,209.0,5636.0,10708.2762,1,1.0
145,2014-01-07,231.0,5766.0,12123.2418,1,1.0
146,2014-01-08,37.0,5680.0,13565.7866,1,1.0
147,2014-01-09,-248.0,5506.0,7336.7967,1,1.0
148,2014-01-10,-184.0,5720.0,8669.68,1,1.0
149,2014-01-13,-148.0,5732.0,5700.1501,1,1.0
150,2014-01-14,-310.0,5713.0,7113.3079,1,1.0
151,2014-01-15,-468.0,5496.0,4378.6266,0,1.0
152,2014-01-16,-449.0,5444.0,21981.5781,1,1.0
153,2014-01-17,-383.0,5281.0,8460.3015,1,1.0
154,2014-01-20,-473.0,4951.0,10261.0737,1,1.0
155,2014-01-21,-406.0,4898.0,8333.4997,1,1.0
156,2014-01-22,-413.0,4891.0,4494.1016,1,1.0
157,2014-02-07,-402.0,4682.0,11138.9453,1,0.0
158,2014-02-10,-437.0,4961.0,13360.0893,1,1.0
159,2014-02-11,-605.0,4799.0,14748.512,0,0.0
160,2014-02-12,-491.0,4798.0,13749.8912,1,1.0
161,2014-02-13,-565.0,4615.0,11785.0861,0,0.0
162,2014-02-14,-461.0,4657.0,10805.4994,1,0.0
163,2014-02-17,-617.0,4689.0,11425.7631,0,0.0
164,2014-02-18,-554.0,4616.0,12704.7758,0,0.0
165,2014-02-19,-500.0,4625.0,14505.6427,0,0.0
166,2014-02-20,-585.0,4563.0,11229.7384,0,0.0
167,2014-02-21,-512.0,4807.0,11643.8016,0,0.0
168,2014-02-24,-527.0,4845.0,4587.7951,0,0.0
169,2014-02-25,-341.0,4731.0,11645.1977,0,0.0
170,2014-02-26,-313.0,4581.0,12062.6634,0,0.0
171,2014-02-27,-122.0,4869.0,8722.6741,0,0.0
172,2014-02-28,65.0,5044.0,5314.8116,0,0.0
173,2014-03-03,701.0,4830.0,9798.585,1,1.0
174,2014-03-04,281.0,4927.0,8892.4624,0,0.0
175,2014-03-05,171.0,4774.0,10094.7484,0,0.0
176,2014-03-06,100.0,4642.0,10167.1603,0,0.0
177,2014-03-07,169.0,4733.0,10688.7816,0,0.0
178,2014-03-10,116.0,4269.0,10984.083,0,0.0
179,2014-03-11,433.0,4304.0,10650.8419,0,0.0
180,2014-03-12,475.0,4294.0,7074.3077,0,0.0
181,2014-03-13,637.0,4298.0,8596.5131,0,0.0
182,2014-03-14,527.0,4222.0,7458.2999,0,0.0
183,2014-03-17,520.0,4271.0,5068.9947,0,0.0
184,2014-03-18,480.0,4189.0,6945.8647,0,0.0
185,2014-03-19,3297.0,4248.0,6140.9569,0,0.0
186,2014-03-20,3248.0,4123.0,4954.963,0,0.0
187,2014-03-21,3243.0,4193.0,5065.6991,0,0.0
188,2014-03-24,3202.0,4256.0,4457.0512,0,0.0
189,2014-03-25,3247.0,4059.0,2877.5716,0,0.0
190,2014-03-26,3434.0,4486.0,214.975,0,1.0
191,2014-03-27,3426.0,4006.0,937.3534,0,0.0
192,2014-03-28,3639.0,4389.0,476.3234,1,1.0
193,2014-03-31,3607.0,4248.0,807.2788,1,1.0
194,2014-04-01,3436.0,4124.0,191.784,1,1.0
195,2014-04-02,3473.0,4114.0,40118.5506,1,1.0
196,2014-04-03,3515.0,4349.0,63754.4572,1,1.0
197,2014-04-04,3590.0,4449.0,52347.9701,1,1.0
198,2014-04-08,3150.0,4167.0,29976.1268,1,1.0
199,2014-04-09,2747.0,4270.0,28369.7676,1,1.0
200,2014-04-10,2593.0,3827.0,28760.6695,1,0.0
201,2014-04-11,2476.0,3893.0,33363.0724,0,0.0
202,2014-04-14,2405.0,4083.0,30189.0399,0,0.0
203,2014-04-15,2367.0,4075.0,33893.6959,0,0.0
204,2014-04-16,2288.0,3811.0,34035.5399,0,0.0
205,2014-04-17,2259.0,3962.0,28215.3129,0,0.0
206,2014-04-22,2167.0,3785.0,25995.5735,0,0.0
207,2014-04-23,2172.0,3611.0,27230.6081,1,0.0
208,2014-04-24,2098.0,3348.0,23431.2902,1,0.0
209,2014-04-25,1893.0,3279.0,17086.7312,0,0.0
210,2014-04-28,1756.0,3065.0,29706.5018,0,0.0
211,2014-04-29,1518.0,2957.0,24991.0552,0,0.0
212,2014-04-30,1422.0,2925.0,29563.7943,0,0.0
213,2014-05-05,1368.0,2638.0,27554.9593,0,0.0
214,2014-05-06,1340.0,2502.0,27069.0786,0,0.0
215,2014-05-07,1435.0,2425.0,24324.9853,1,0.0
216,2014-05-08,1450.0,2518.0,22844.9381,0,0.0
217,2014-05-09,1466.0,2736.0,21774.8515,0,0.0
218,2014-05-12,1447.0,2659.0,28785.0356,0,0.0
219,2014-05-13,1555.0,2745.0,23977.1307,0,0.0
220,2014-05-14,1525.0,2854.0,22192.0708,0,0.0
221,2014-05-15,1408.0,2867.0,16358.3934,0,0.0
222,2014-05-16,1433.0,2863.0,10955.9191,0,0.0
223,2014-05-19,1517.0,2886.0,18409.7918,0,0.0
224,2014-05-20,1605.0,2899.0,17093.2358,0,0.0
225,2014-05-21,1542.0,2942.0,16251.7803,0,0.0
226,2014-05-22,1515.0,2940.0,12202.6622,0,0.0
227,2014-05-23,1539.0,2899.0,14618.5404,0,0.0
228,2014-05-27,1542.0,3124.0,15324.119,0,0.0
229,2014-05-28,1572.0,3227.0,12995.2842,0,0.0
230,2014-05-29,1665.0,3326.0,12569.2712,0,0.0
231,2014-05-30,1662.0,3339.0,15014.179,0,0.0
232,2014-06-03,1682.0,3137.0,18808.5584,0,0.0
233,2014-06-04,1895.0,3068.0,19542.327,1,0.0
234,2014-06-05,1945.0,2936.0,12218.8286,0,0.0
235,2014-06-06,2050.0,3130.0,17219.32,1,0.0
236,2014-06-09,1939.0,3207.0,15821.5941,1,0.0
237,2014-06-10,2001.0,3297.0,15397.062,1,0.0
238,2014-06-11,1908.0,3309.0,15933.5786,0,0.0
239,2014-06-12,1865.0,3043.0,19009.9837,0,0.0
240,2014-06-13,1939.0,3150.0,15058.7813,1,0.0
241,2014-06-16,1922.0,3148.0,19578.8646,1,0.0
242,2014-06-17,1752.0,2954.0,13768.7071,0,0.0
243,2014-06-18,1831.0,2953.0,12002.6172,0,0.0
244,2014-06-19,1978.0,2787.0,9239.7341,0,0.0
245,2014-06-20,1878.0,2635.0,6173.3445,0,0.0
246,2014-06-23,1898.0,2984.0,12760.3385,0,0.0
247,2014-06-24,1875.0,2976.0,11389.7714,0,0.0
248,2014-06-25,1898.0,2974.0,13124.8437,0,0.0
249,2014-06-26,1937.0,3100.0,13018.4935,0,0.0
250,2014-06-27,1980.0,3238.0,9890.3739,0,0.0
251,2014-06-30,1967.0,3287.0,15507.6664,0,0.0
252,2014-07-01,1922.0,3243.0,12084.5372,0,0.0
253,2014-07-02,2074.0,3437.0,13182.0208,0,0.0
254,2014-07-03,2318.0,3436.0,12212.9758,0,0.0
255,2014-07-04,2523.0,3586.0,9848.6222,0,0.0
256,2014-07-07,2468.0,3659.0,14819.6915,0,0.0
257,2014-07-08,2799.0,3650.0,13097.4042,0,0.0
258,2014-07-09,2681.0,3902.0,12892.8354,0,0.0
259,2014-07-10,2768.0,3884.0,10415.2563,0,0.0
260,2014-07-11,2907.0,3948.0,10565.8456,1,1.0
261,2014-07-14,3043.0,4086.0,13522.4994,1,1.0
262,2014-07-15,3040.0,4160.0,10054.8249,1,1.0
263,2014-07-16,3040.0,4125.0,14904.4356,1,1.0
264,2014-07-17,2863.0,4185.0,8873.0197,1,1.0
265,2014-07-18,2891.0,4168.0,9785.3889,1,1.0
266,2014-07-21,2829.0,4151.0,13582.7537,0,1.0
267,2014-07-22,2794.0,4146.0,5929.737,0,0.0
268,2014-07-23,2612.0,4134.0,14065.5529,0,0.0
269,2014-07-24,2604.0,4110.0,12003.0632,0,0.0
270,2014-07-25,2713.0,4104.0,9992.5867,0,0.0
271,2014-07-28,2803.0,4404.0,12789.2455,1,1.0
272,2014-07-29,2837.0,4499.0,10196.3974,1,1.0
273,2014-07-30,2766.0,4420.0,7882.3459,1,1.0
274,2014-07-31,2747.0,4494.0,10990.554,1,1.0
275,2014-08-01,2759.0,4610.0,9910.1879,1,1.0
276,2014-08-04,3118.0,5768.0,20403.0239,1,1.0
277,2014-08-05,2627.0,5689.0,9606.4999,1,1.0
278,2014-08-06,2497.0,5534.0,21090.8715,1,1.0
279,2014-08-07,2445.0,5610.0,12012.4742,1,1.0
280,2014-08-08,2399.0,5516.0,8128.789,1,1.0
281,2014-08-11,2410.0,5551.0,10364.0906,0,0.0
282,2014-08-12,2190.0,5517.0,15494.6685,0,0.0
283,2014-08-13,2244.0,5478.0,14750.5062,0,0.0
284,2014-08-14,2353.0,5624.0,15553.8985,0,1.0
285,2014-08-15,2289.0,5416.0,9038.4299,0,0.0
286,2014-08-18,2356.0,5449.0,20617.3068,0,0.0
287,2014-08-19,2674.0,5524.0,3130.2761,1,1.0
288,2014-08-20,2748.0,5577.0,27221.5457,1,1.0
289,2014-08-21,2667.0,5428.0,21519.2971,0,0.0
290,2014-08-22,2541.0,5205.0,17608.5188,0,0.0
291,2014-08-25,2711.0,5205.0,18124.6621,0,0.0
292,2014-08-26,2695.0,5204.0,23479.5479,0,0.0
293,2014-08-27,2462.0,5170.0,18427.1949,0,0.0
294,2014-08-28,2517.0,5069.0,17169.9016,0,0.0
295,2014-08-29,2730.0,5021.0,16326.9689,0,0.0
296,2015-07-10,2767.0,5134.0,18391.4414,0,0.0
297,2015-07-13,238.0,1809.0,8704.0,0,0.0
298,2015-07-14,348.0,1847.0,5043.653,0,0.0
299,2015-07-15,436.0,1845.0,4090.1267,0,0.0
300,2015-07-16,465.0,1747.0,1044.4023,0,0.0
301,2015-07-17,520.0,1945.0,2715.2521,1,1.0
302,2015-07-20,515.0,1888.0,1952.9304,1,1.0
303,2015-07-21,440.0,1878.0,3273.0006,1,1.0
304,2015-07-22,434.0,1942.0,2381.6929,1,1.0
305,2015-07-23,456.0,2018.0,4027.5046,1,0.0
306,2015-07-24,469.0,1988.0,996.9875,0,0.0
307,2015-07-27,413.0,1964.0,871.1678,0,0.0
308,2015-07-28,445.0,1961.0,1020.5344,0,0.0
309,2015-07-29,345.0,2063.0,733.7273,0,0.0
310,2015-07-30,389.0,1947.0,1232.0395,0,0.0
311,2015-07-31,393.0,2033.0,217.5271,0,0.0
312,2015-08-03,503.0,2067.0,697.0477,0,0.0
313,2015-08-04,466.0,1843.0,964.6,0,0.0
314,2015-08-05,498.0,1866.0,893.8927,0,0.0
315,2015-08-06,601.0,1917.0,836.8948,1,1.0
316,2015-08-07,764.0,1940.0,214.4455,1,1.0
317,2015-08-10,741.0,2132.0,217.9476,1,1.0
318,2015-08-11,781.0,2219.0,560.941,1,1.0
319,2015-08-12,712.0,2205.0,1406.8381,1,1.0
320,2015-08-13,692.0,2172.0,1672.4121,1,1.0
321,2015-08-14,460.0,1855.0,858.2226,0,0.0
322,2015-08-17,518.0,1699.0,1589.3934,0,0.0
323,2015-08-18,441.0,1659.0,1175.4494,0,0.0
324,2015-08-19,493.0,1602.0,2067.1217,0,0.0
325,2015-08-20,352.0,1577.0,1526.4402,0,0.0
326,2015-08-21,438.0,1578.0,1619.33,0,0.0
327,2015-08-24,558.0,1501.0,1282.6513,1,1.0
328,2015-08-25,618.0,1496.0,1241.1178,1,1.0
329,2015-08-26,672.0,1916.0,737.3136,1,1.0
330,2015-08-27,726.0,2038.0,577.4469,0,1.0
331,2015-08-28,631.0,2185.0,337.5589,0,1.0
332,2016-05-03,670.0,2022.0,2074.7655,0,1.0
333,2016-05-04,-380.0,476.0,30136.88,0,0.0
334,2016-05-05,-139.0,687.0,30266.35,1,0.0
335,2016-05-06,-153.0,749.0,29924.3581,0,0.0
336,2016-05-09,115.0,948.0,30023.0846,0,0.0
337,2016-05-10,311.0,943.0,29899.1328,1,0.0
338,2016-05-11,238.0,1002.0,29842.261,1,1.0
339,2016-05-12,152.0,1060.0,27908.589,1,1.0
340,2016-05-13,-7.0,1144.0,32265.7474,1,0.0
341,2016-05-16,223.0,1144.0,29834.4987,1,1.0
342,2016-05-17,191.0,1147.0,30226.5606,1,1.0
343,2016-05-18,71.0,1075.0,30024.7855,1,1.0
344,2016-05-19,-31.0,880.0,25003.1396,1,1.0
345,2016-05-20,-219.0,915.0,25550.5505,1,1.0
346,2016-05-23,-215.0,1062.0,27778.6243,1,1.0
347,2016-05-24,146.0,954.0,30050.3289,1,1.0
348,2016-05-25,141.0,990.0,29867.3466,1,1.0
349,2016-05-26,81.0,752.0,24703.6236,0,0.0
350,2016-05-27,-468.0,758.0,19740.6521,0,1.0
351,2016-05-31,-523.0,524.0,19831.8322,0,0.0
352,2016-06-01,-227.0,560.0,29446.4157,1,1.0
353,2016-06-02,40.0,478.0,20165.165,1,1.0
354,2016-06-03,26.0,594.0,23838.158,1,1.0
355,2016-06-06,148.0,637.0,19088.441,1,1.0
356,2016-06-07,-56.0,441.0,28847.818,1,0.0
357,2016-06-08,-373.0,208.0,21789.537,1,1.0
358,2016-06-13,-263.0,155.0,19877.8586,1,1.0
359,2016-06-14,-369.0,322.0,25805.03,1,0.0
360,2016-06-15,-177.0,473.0,18131.9,1,1.0
361,2016-06-16,-111.0,499.0,17991.147,1,1.0
362,2016-06-17,-331.0,532.0,20715.217,1,1.0
363,2016-06-20,-813.0,317.0,20134.16,1,1.0
364,2016-06-21,-769.0,171.0,29245.03,1,1.0
365,2016-06-22,-457.0,183.0,23214.94,1,1.0
366,2016-06-23,-628.0,383.0,17519.76,1,0.0
367,2016-06-24,-798.0,285.0,16671.04,1,1.0
368,2016-06-27,-713.0,120.0,18982.16,1,1.0
369,2016-06-28,-981.0,287.0,29986.722,1,1.0
370,2016-06-29,-1451.0,270.0,21678.553,1,1.0
371,2016-06-30,-1854.0,121.0,18026.716,1,0.0
372,2016-07-01,-1650.0,380.0,18463.952,0,0.0
373,2016-07-04,-1450.0,655.0,18832.551,1,1.0
374,2016-07-05,-2092.0,579.0,30008.841,0,0.0
375,2016-07-06,-1371.0,875.0,28034.2588,1,1.0
376,2016-07-07,-1243.0,828.0,21536.052,1,1.0
377,2016-07-08,-1272.0,826.0,20820.76,1,1.0
378,2016-07-11,-684.0,854.0,23253.99,1,1.0
379,2016-07-12,-1380.0,761.0,30031.478,1,1.0
380,2016-07-13,-1714.0,430.0,30020.032,0,0.0
381,2016-07-14,-1964.0,32.0,30007.824,0,0.0
382,2016-07-15,-2013.0,-282.0,30001.345,0,0.0
383,2016-07-18,-1977.0,-251.0,29237.61,0,0.0
384,2016-07-19,-1584.0,-151.0,30027.202,0,0.0
385,2016-07-20,-1288.0,97.0,30015.143,1,1.0
386,2016-07-21,-413.0,693.0,30013.158,0,0.0
387,2016-07-22,-340.0,1112.0,28839.301,0,1.0
388,2016-07-25,93.0,1131.0,25023.534,0,0.0
389,2016-07-26,-52.0,1172.0,30046.013,0,0.0
390,2016-07-27,-161.0,1206.0,30027.363,0,0.0
391,2016-07-28,-358.0,949.0,30016.338,0,0.0
392,2016-07-29,510.0,1125.0,30019.894,1,1.0
393,2016-08-01,763.0,1101.0,28122.355,1,1.0
394,2016-08-02,452.0,1062.0,26370.518,0,0.0
395,2016-08-03,490.0,968.0,22355.13,1,1.0
396,2016-08-04,613.0,921.0,14192.625,1,1.0
397,2016-08-05,220.0,691.0,6823.798,0,1.0
398,2016-08-08,-227.0,436.0,15847.672,0,0.0
399,2016-08-09,144.0,239.0,19572.066,0,1.0
400,2016-08-10,198.0,337.0,17612.77,1,1.0
401,2016-08-11,94.0,793.0,20628.172,1,1.0
402,2016-08-12,37.0,974.0,17440.988,0,0.0
403,2016-08-15,86.0,886.0,17489.3,0,1.0
404,2016-08-16,-9.0,1016.0,17905.379,0,1.0
405,2016-08-17,-33.0,1197.0,15380.3248,0,0.0
406,2016-08-18,-209.0,1198.0,17140.764,0,0.0
407,2016-08-19,-262.0,1153.0,13523.868,0,1.0
408,2016-08-22,-112.0,1085.0,8478.18,0,1.0
409,2016-08-23,-58.0,1200.0,20066.76,0,0.0
410,2016-08-24,-120.0,1141.0,22447.475,0,0.0
411,2016-08-25,-130.0,1124.0,22303.8238,0,0.0
412,2016-08-26,457.0,1242.0,21132.734,0,0.0
413,2016-08-30,436.0,1181.0,18250.16,1,0.0
414,2016-08-31,422.0,1220.0,22556.687,1,1.0
415,2016-09-01,636.0,1275.0,21527.294,1,1.0
416,2016-09-02,458.0,1473.0,15849.305,1,0.0
417,2016-09-05,291.0,1026.0,20043.679,1,1.0
418,2016-09-06,178.0,1062.0,22445.995,1,1.0
419,2016-09-07,-52.0,1057.0,27096.322,1,1.0
420,2016-09-08,-17.0,820.0,29725.592,1,1.0
421,2016-09-09,-66.0,809.0,29286.114,1,1.0
422,2016-09-12,-20.0,877.0,29061.634,1,1.0
423,2016-09-13,266.0,939.0,29299.987,1,1.0
424,2016-09-14,44.0,1316.0,26668.548,1,1.0
425,2016-09-19,-64.0,1293.0,28843.784,1,1.0
426,2016-09-20,-590.0,1274.0,25651.545,1,1.0
427,2016-09-21,-748.0,1102.0,30037.911,1,1.0
428,2016-09-22,-753.0,766.0,30041.821,1,1.0
429,2016-09-23,-675.0,639.0,30045.696,1,1.0
430,2016-09-26,-622.0,719.0,30016.348,1,1.0
431,2016-09-27,-1129.0,1003.0,30022.512,1,1.0
432,2016-09-28,-1038.0,1064.0,30132.187,1,1.0
433,2016-09-29,-566.0,1349.0,30111.341,1,1.0
434,2016-09-30,-307.0,1643.0,34054.157,1,1.0
435,2017-03-06,-314.0,1827.0,64624.5512,1,1.0
436,2017-03-07,-465.0,725.0,30169.357,0,0.0
437,2017-03-08,-355.0,552.0,30031.149,0,0.0
438,2017-03-09,245.0,735.0,29861.398,0,1.0
439,2017-03-10,410.0,735.0,31151.243,0,0.0
440,2017-03-13,507.0,766.0,29995.004,0,1.0
441,2017-03-14,471.0,843.0,27153.326,0,0.0
442,2017-03-15,703.0,890.0,24407.36,0,0.0
443,2017-03-16,737.0,837.0,22228.861,1,1.0
444,2017-03-17,603.0,646.0,21893.232,0,1.0
445,2017-03-20,721.0,635.0,20948.569,0,1.0
446,2017-03-21,766.0,602.0,24230.962,0,0.0
447,2017-03-22,893.0,746.0,23248.561,0,1.0
448,2017-03-23,972.0,821.0,17771.551,0,1.0
449,2017-03-24,576.0,699.0,22139.925,1,1.0
450,2017-03-27,626.0,699.0,19718.686,1,1.0
451,2017-03-28,860.0,617.0,17687.415,1,1.0
452,2017-03-29,845.0,678.0,18629.315,1,1.0
453,2017-03-30,872.0,675.0,20192.359,1,1.0
454,2017-03-31,1122.0,765.0,16797.68,1,1.0
455,2017-04-05,512.0,675.0,17466.594,1,1.0
456,2017-04-06,421.0,766.0,14994.989,1,1.0
457,2017-04-07,493.0,763.0,17101.54,1,1.0
458,2017-04-10,363.0,771.0,22911.038,1,1.0
459,2017-04-11,163.0,941.0,25660.009,1,1.0
460,2017-04-12,215.0,712.0,26174.012,1,1.0
461,2017-04-13,148.0,710.0,24264.929,1,1.0
462,2017-04-14,11.0,734.0,23880.565,1,1.0
463,2017-04-18,103.0,736.0,20803.192,1,1.0
464,2017-04-19,-26.0,381.0,22370.285,1,1.0
465,2017-04-20,-91.0,391.0,22178.969,1,1.0
466,2017-04-21,-166.0,391.0,19875.045,0,1.0
467,2017-04-24,-248.0,274.0,24617.025,0,0.0
468,2017-04-25,-87.0,280.0,19755.105,1,1.0
469,2017-04-26,112.0,367.0,17569.062,1,1.0
470,2017-04-27,-150.0,278.0,22452.958,0,0.0
471,2017-04-28,-197.0,286.0,23527.444,0,0.0
472,2017-05-02,74.0,490.0,19279.948,0,0.0
473,2017-05-03,0.0,450.0,21802.419,0,0.0
474,2017-05-04,-140.0,387.0,19368.69,0,0.0
475,2017-05-05,-159.0,489.0,17658.6,0,0.0
476,2017-05-08,216.0,490.0,21323.248,1,1.0
477,2017-05-09,531.0,680.0,19853.912,1,1.0
478,2017-05-10,488.0,756.0,15129.665,1,1.0
479,2017-05-11,481.0,705.0,18352.258,1,1.0
480,2017-05-12,484.0,852.0,17115.498,1,1.0
481,2017-05-15,219.0,441.0,18487.022,0,0.0
482,2017-05-16,-231.0,-78.0,24817.198,0,0.0
483,2017-05-17,-162.0,-567.0,25121.471,0,0.0
484,2017-05-18,-108.0,145.0,25356.068,0,0.0
485,2017-05-19,311.0,358.0,24316.882,0,0.0
486,2017-05-22,249.0,526.0,25544.275,0,0.0
487,2017-05-23,390.0,494.0,18445.814,0,0.0
488,2017-05-24,357.0,660.0,18054.174,0,1.0
489,2017-05-25,171.0,846.0,16058.026,0,1.0
490,2017-05-26,248.0,805.0,15230.481,0,1.0
491,2017-05-31,373.0,831.0,13720.305,0,1.0
492,2017-06-01,637.0,563.0,20591.496,1,1.0
493,2017-06-02,776.0,851.0,19767.644,1,1.0
494,2017-06-05,680.0,720.0,21502.448,0,1.0
495,2017-06-06,746.0,899.0,19857.691,0,1.0
496,2017-06-07,765.0,933.0,19521.421,0,1.0
497,2017-06-08,693.0,953.0,19232.276,0,0.0
498,2017-06-09,394.0,997.0,20542.612,0,0.0
499,2017-06-12,451.0,869.0,19045.352,0,1.0
500,2017-06-13,773.0,989.0,20291.09,0,1.0
501,2017-06-14,873.0,1017.0,19314.715,1,1.0
502,2017-06-15,763.0,1083.0,18507.385,0,1.0
503,2017-06-16,859.0,1192.0,14197.401,1,1.0
504,2017-06-19,869.0,1402.0,18884.398,1,1.0
505,2017-06-20,758.0,1391.0,19478.917,0,0.0
506,2017-06-21,808.0,1455.0,18201.529,0,0.0
507,2017-06-22,764.0,1446.0,17947.134,0,0.0
508,2017-06-23,838.0,1504.0,15833.928,0,0.0
509,2017-06-26,716.0,1502.0,16092.262,0,0.0
510,2017-06-27,621.0,1442.0,23733.646,0,0.0
511,2017-06-28,794.0,1391.0,19800.299,0,0.0
512,2017-06-29,1104.0,1278.0,19727.346,1,1.0
513,2017-06-30,1116.0,1275.0,16937.809,1,1.0
514,2017-07-03,1004.0,1100.0,15710.708,1,1.0
515,2017-07-04,899.0,1232.0,18377.544,0,0.0
516,2017-07-05,892.0,1355.0,16675.868,1,1.0
517,2017-07-06,931.0,1354.0,13204.329,1,1.0
518,2017-07-07,968.0,1303.0,17370.32,1,1.0
519,2017-07-10,848.0,1178.0,19701.204,1,1.0
520,2017-07-11,721.0,1141.0,20385.791,1,1.0
521,2017-07-12,929.0,1361.0,21544.852,1,1.0
522,2017-07-13,734.0,1313.0,20790.745,1,1.0
523,2017-07-14,677.0,1397.0,20090.501,0,0.0
524,2017-07-17,591.0,1568.0,18738.775,0,0.0
525,2017-07-18,440.0,1524.0,20701.894,0,0.0
526,2017-07-19,323.0,1312.0,23428.699,0,0.0
527,2017-07-20,289.0,1252.0,24740.125,0,0.0
528,2017-07-21,314.0,1252.0,25158.631,0,0.0
529,2017-07-24,777.0,1110.0,24027.532,0,1.0
530,2017-07-25,888.0,1179.0,16997.304,0,0.0
531,2017-07-26,878.0,1205.0,17231.784,0,0.0
532,2017-07-27,1030.0,1116.0,16747.859,1,1.0
533,2017-07-28,1009.0,1201.0,15723.452,1,1.0
534,2017-07-31,1309.0,1115.0,14245.015,1,1.0
535,2017-08-01,1253.0,1121.0,14773.432,1,1.0
536,2017-08-02,1116.0,2264.0,13952.626,1,1.0
537,2017-08-03,841.0,2408.0,13938.7,1,1.0
538,2017-08-04,835.0,2240.0,11689.992,1,0.0
539,2017-08-07,740.0,2249.0,11446.003,1,0.0
540,2017-08-08,758.0,2197.0,20147.763,1,1.0
541,2017-08-09,528.0,2180.0,24423.5516,0,0.0
542,2017-08-10,539.0,2098.0,25061.323,0,0.0
543,2017-08-11,419.0,2098.0,27607.769,0,0.0
544,2017-08-14,568.0,2585.0,25516.165,0,0.0
545,2017-08-15,499.0,2549.0,28025.7231,0,0.0
546,2017-08-16,626.0,2645.0,25413.809,1,0.0
547,2017-08-17,738.0,2730.0,25439.135,1,0.0
548,2017-08-18,665.0,2792.0,27019.96,1,0.0
549,2017-08-21,680.0,2792.0,23369.536,1,0.0
550,2017-08-22,648.0,2763.0,28020.8566,0,0.0
551,2017-08-23,548.0,2722.0,28895.598,0,0.0
552,2017-08-24,579.0,2689.0,29066.049,0,0.0
553,2017-08-25,681.0,2536.0,28578.988,1,1.0
554,2017-08-29,642.0,2371.0,29451.288,1,1.0
555,2017-08-30,621.0,2366.0,29400.936,1,1.0
556,2017-08-31,696.0,2330.0,29477.131,1,1.0
557,2017-09-01,686.0,2230.0,29647.054,1,1.0
558,2017-09-04,609.0,2367.0,27159.5,1,0.0
559,2017-09-05,108.0,2211.0,21756.717,0,0.0
560,2017-09-06,23.0,2216.0,26202.518,0,0.0
561,2017-09-07,113.0,1759.0,27196.281,0,0.0
562,2017-09-08,99.0,1826.0,27487.411,0,0.0
563,2017-09-11,388.0,1876.0,27246.475,0,0.0
564,2017-09-12,319.0,1819.0,26593.403,0,0.0
565,2017-09-13,315.0,2205.0,25174.3455,0,0.0
566,2017-09-14,457.0,2702.0,27081.4629,0,0.0
567,2017-09-15,602.0,2707.0,22486.5267,1,1.0
568,2017-09-18,660.0,2710.0,23221.1167,1,1.0
569,2017-09-19,631.0,2744.0,24219.2424,1,0.0
570,2017-09-20,612.0,2618.0,25979.1575,0,0.0
571,2017-09-21,342.0,2676.0,27234.3132,0,0.0
572,2017-09-22,559.0,2653.0,29460.3155,0,0.0
573,2017-09-25,574.0,2815.0,25889.0334,0,0.0
574,2017-09-26,516.0,2802.0,29596.7137,0,0.0
575,2017-09-27,377.0,2638.0,29670.7686,0,0.0
576,2017-09-28,656.0,2774.0,30796.9172,0,0.0
577,2017-09-29,909.0,2794.0,30478.3189,0,0.0
578,2018-03-12,895.0,2748.0,29790.8252,0,0.0
579,2018-03-13,638.0,834.0,28105.743,0,0.0
580,2018-03-14,662.0,1037.0,24322.111,0,0.0
581,2018-03-15,721.0,1075.0,22919.483,1,1.0
582,2018-03-16,707.0,987.0,19208.885,0,0.0
583,2018-03-19,756.0,976.0,18470.984,1,1.0
584,2018-03-20,768.0,1081.0,20744.937,1,1.0
585,2018-03-21,757.0,1281.0,18000.64,1,1.0
586,2018-03-22,661.0,1009.0,15792.566,1,1.0
587,2018-03-23,620.0,1086.0,17969.321,1,1.0
588,2018-03-26,702.0,1136.0,15955.641,1,1.0
589,2018-03-27,152.0,1204.0,17560.188,0,0.0
590,2018-03-28,156.0,1193.0,17300.906,0,0.0
591,2018-03-29,313.0,1121.0,15551.09,1,1.0
592,2018-04-03,332.0,1306.0,13878.114,1,1.0
593,2018-04-04,271.0,1198.0,16246.717,1,0.0
594,2018-04-09,282.0,1033.0,16997.928,1,1.0
595,2018-04-10,231.0,883.0,14247.933,1,1.0
596,2018-04-11,210.0,828.0,13413.257,1,1.0
597,2018-04-12,163.0,758.0,13589.012,1,1.0
598,2018-04-13,212.0,718.0,14014.915,1,1.0
599,2018-04-16,86.0,722.0,12477.301,1,0.0
600,2018-04-17,95.0,768.0,11809.728,1,1.0
601,2018-04-18,118.0,798.0,11606.194,1,1.0
602,2018-04-19,131.0,835.0,11523.499,1,1.0
603,2018-04-20,91.0,913.0,11320.448,1,1.0
604,2018-04-23,122.0,875.0,10595.221,1,1.0
605,2018-04-24,19.0,582.0,15787.187,1,1.0
606,2018-04-26,48.0,660.0,15753.749,1,1.0
607,2018-04-27,51.0,648.0,14776.645,1,1.0
608,2018-05-02,58.0,611.0,13918.08,1,1.0
609,2018-05-03,16.0,774.0,14285.002,1,1.0
610,2018-05-04,-103.0,746.0,14690.118,1,1.0
611,2018-05-08,-110.0,788.0,13043.126,1,1.0
612,2018-05-09,-214.0,611.0,20810.018,1,1.0
613,2018-05-10,-141.0,723.0,18803.474,1,1.0
614,2018-05-11,-187.0,670.0,21005.652,1,1.0
615,2018-05-14,-145.0,871.0,25162.484,1,1.0
616,2018-05-15,-932.0,884.0,18223.989,1,1.0
617,2018-05-16,-837.0,1044.0,18790.78,1,1.0
618,2018-05-17,-1504.0,1055.0,25652.405,1,1.0
619,2018-05-18,-1388.0,1096.0,24450.174,1,1.0
620,2018-05-21,-1844.0,1019.0,29051.083,1,1.0
621,2018-05-22,-2352.0,889.0,30002.917,1,0.0
622,2018-05-23,-1937.0,839.0,30000.102,1,1.0
623,2018-05-24,-1617.0,1090.0,30004.851,1,1.0
624,2018-05-25,-1828.0,1148.0,30000.23,1,1.0
625,2018-05-29,-1887.0,1102.0,30007.709,1,1.0
626,2018-05-30,-2419.0,923.0,30005.869,0,0.0
627,2018-05-31,-2307.0,564.0,30015.107,0,0.0
628,2018-06-01,-2039.0,894.0,30000.5852,0,0.0
629,2018-06-04,-2063.0,687.0,30008.6972,0,0.0
630,2018-06-05,-1435.0,827.0,29806.3795,0,1.0
631,2018-06-06,-1083.0,1005.0,22578.7833,1,1.0
632,2018-06-07,-983.0,1101.0,14542.4162,0,0.0
633,2018-06-08,-1269.0,664.0,18050.3501,0,1.0
634,2018-06-11,-1167.0,291.0,17407.6502,0,0.0
635,2018-06-12,-1388.0,240.0,11704.4875,0,0.0
636,2018-06-13,-1300.0,348.0,11281.2284,0,0.0
637,2018-06-14,-1687.0,181.0,11111.0482,0,0.0
638,2018-06-15,-1169.0,218.0,9550.3178,0,0.0
639,2018-06-19,-1149.0,218.0,12153.7519,0,0.0
640,2018-06-20,-343.0,928.0,9407.1227,1,1.0
641,2018-06-21,-506.0,1527.0,9229.9792,0,0.0
642,2018-06-22,-527.0,1448.0,8540.7108,0,0.0
643,2018-06-25,-582.0,1407.0,10048.673,0,0.0
644,2018-06-26,-622.0,1233.0,17669.4532,0,0.0
645,2018-06-27,-499.0,1251.0,17495.8667,0,0.0
646,2018-06-28,-487.0,1327.0,17287.4289,0,0.0
647,2018-06-29,-363.0,1286.0,15588.425,0,1.0
648,2018-07-02,-409.0,1435.0,14601.1306,0,1.0
649,2018-07-03,-392.0,1158.0,18056.3116,0,0.0
650,2018-07-04,-383.0,1276.0,14992.7382,0,1.0
651,2018-07-05,-160.0,1274.0,19155.8708,1,1.0
652,2018-07-06,59.0,1258.0,12155.9756,1,0.0
653,2018-07-09,-77.0,1322.0,14942.8398,1,1.0
654,2018-07-10,-322.0,903.0,13889.499,1,1.0
655,2018-07-11,-312.0,738.0,16021.9672,1,1.0
656,2018-07-12,-272.0,602.0,16306.7622,1,1.0
657,2018-07-13,-532.0,917.0,16138.798,0,1.0
658,2018-07-16,-608.0,277.0,19370.038,0,1.0
659,2018-07-17,-673.0,392.0,15686.584,0,1.0
660,2018-07-18,-503.0,392.0,17178.671,1,1.0
661,2018-07-19,-493.0,307.0,14375.61,1,1.0
662,2018-07-20,-584.0,346.0,17424.3641,0,0.0
663,2018-07-23,-509.0,426.0,17620.7917,1,1.0
664,2018-07-24,-399.0,505.0,18996.2642,1,1.0
665,2018-07-25,-525.0,539.0,20749.8918,1,1.0
666,2018-07-26,-682.0,537.0,21162.8483,1,1.0
667,2018-07-27,-599.0,346.0,21571.3771,1,1.0
668,2018-07-30,-536.0,356.0,18942.9941,1,1.0
669,2018-07-31,-571.0,356.0,12017.5722,1,0.0
670,2018-08-01,-956.0,244.0,16235.2282,1,1.0
671,2018-08-02,-787.0,-447.0,16537.0022,1,1.0
672,2018-08-03,-647.0,-220.0,14984.9681,1,1.0
673,2018-08-06,-711.0,-302.0,16090.811,1,1.0
674,2018-08-07,-923.0,-175.0,13566.1391,0,0.0
675,2018-08-08,-1077.0,-215.0,10426.5396,0,0.0
676,2018-08-09,-987.0,-124.0,13409.2396,0,0.0
677,2018-08-10,-1003.0,2.0,10408.7471,0,0.0
678,2018-08-13,-1017.0,2.0,9359.6933,0,0.0
679,2018-08-14,-723.0,340.0,7945.0715,0,0.0
680,2018-08-15,-614.0,752.0,5022.945,1,1.0
681,2018-08-16,-394.0,732.0,4490.6916,1,1.0
682,2018-08-17,-349.0,1088.0,3309.3001,1,1.0
683,2018-08-20,-219.0,918.0,1544.863,1,1.0
684,2018-08-21,-535.0,983.0,13452.7,0,0.0
685,2018-08-22,-663.0,786.0,25807.5043,0,1.0
686,2018-08-23,-630.0,707.0,16951.5169,0,1.0
687,2018-08-24,-422.0,863.0,26724.2055,1,1.0
688,2018-08-28,-575.0,984.0,23310.9345,0,1.0
689,2018-08-29,-664.0,728.0,14219.1286,0,1.0
690,2018-08-30,-444.0,686.0,26396.5079,0,0.0
691,2018-08-31,-479.0,794.0,17847.244,0,1.0
692,2018-09-03,-379.0,876.0,25695.1033,0,1.0
693,2018-09-04,-558.0,435.0,17678.7502,0,0.0
694,2018-09-05,-267.0,436.0,23235.698,1,0.0
695,2018-09-06,-352.0,373.0,28613.7477,0,0.0
696,2018-09-07,-290.0,545.0,16587.7094,0,1.0
697,2018-09-10,-165.0,644.0,21611.8971,1,1.0
698,2018-09-11,-292.0,528.0,16184.3965,0,0.0
699,2018-09-12,-247.0,238.0,25642.7037,0,0.0
700,2018-09-13,-276.0,415.0,20714.9774,0,1.0
701,2018-09-14,-263.0,460.0,20077.2365,0,0.0
702,2018-09-17,-157.0,640.0,23195.9587,0,1.0
703,2018-09-18,-162.0,611.0,12192.6234,0,0.0
704,2018-09-19,-85.0,698.0,24620.8618,0,0.0
705,2018-09-20,422.0,1141.0,12306.7724,0,0.0
706,2018-09-21,164.0,1112.0,21688.0573,0,0.0
707,2018-09-25,202.0,1144.0,9892.9488,0,0.0
708,2018-09-26,316.0,1147.0,21945.0699,0,0.0
709,2018-09-27,313.0,1076.0,13159.0493,0,0.0
710,2018-09-28,633.0,1131.0,17480.8565,0,0.0
711,2019-05-06,578.0,1204.0,20655.7506,0,0.0
712,2019-05-07,308.0,1587.0,10060.293,0,0.0
713,2019-05-08,38.0,1870.0,10016.0599,0,0.0
714,2019-05-09,188.0,1930.0,11024.9614,0,0.0
715,2019-05-10,469.0,2060.0,11403.7138,0,0.0
716,2019-05-13,378.0,2244.0,11213.824,0,0.0
717,2019-05-14,929.0,2422.0,11594.6737,0,0.0
718,2019-05-15,1503.0,2745.0,8883.6501,0,0.0
719,2019-05-16,1176.0,2393.0,9851.3647,0,0.0
720,2019-05-17,694.0,2252.0,9760.6377,0,0.0
721,2019-05-20,876.0,2163.0,6565.9317,0,0.0
722,2019-05-21,1046.0,2240.0,11275.2663,0,0.0
723,2019-05-22,944.0,1825.0,11046.6545,0,0.0
724,2019-05-23,1331.0,1838.0,10277.1909,1,1.0
725,2019-05-24,1323.0,1840.0,8801.0935,0,0.0
726,2019-05-28,1116.0,1635.0,8448.6252,0,0.0
727,2019-05-29,951.0,1448.0,8393.4121,0,0.0
728,2019-05-30,929.0,1261.0,8294.988,0,0.0
729,2019-05-31,1121.0,1335.0,8834.2905,0,0.0
730,2019-06-03,1086.0,1294.0,8146.5367,0,1.0
731,2019-06-04,1554.0,1140.0,6142.1808,1,1.0
732,2019-06-05,1248.0,836.0,5454.0114,1,1.0
733,2019-06-06,1160.0,801.0,5416.983,1,1.0
734,2019-06-10,1157.0,630.0,3813.267,1,1.0
735,2019-06-11,994.0,1099.0,5052.5776,1,1.0
736,2019-06-12,748.0,1004.0,4646.4566,1,1.0
737,2019-06-13,596.0,1066.0,6452.1016,1,1.0
738,2019-06-14,564.0,907.0,7996.4978,1,1.0
739,2019-06-17,637.0,900.0,7172.9694,1,1.0
740,2019-06-18,623.0,1031.0,8748.1944,1,1.0
741,2019-06-19,688.0,1039.0,9022.0695,1,1.0
742,2019-06-20,254.0,957.0,9699.974,0,0.0
743,2019-06-21,237.0,938.0,9904.9488,0,0.0
744,2019-06-24,525.0,1151.0,9332.9368,1,1.0
745,2019-06-25,580.0,1226.0,10117.3171,1,1.0
746,2019-06-26,511.0,1227.0,10139.8465,1,0.0
747,2019-06-27,354.0,1222.0,10432.7109,0,0.0
748,2019-06-28,423.0,1126.0,10844.1317,1,0.0
749,2019-07-01,449.0,1160.0,10867.2264,0,0.0
750,2019-07-02,94.0,1115.0,10986.9903,0,0.0
751,2019-07-03,321.0,1116.0,11880.9623,0,0.0
752,2019-07-04,518.0,993.0,11933.2157,0,0.0
753,2019-07-05,548.0,988.0,11940.0535,0,0.0
754,2019-07-08,395.0,985.0,12182.0584,0,0.0
755,2019-07-09,591.0,1084.0,12050.9932,0,0.0
756,2019-07-10,1065.0,1279.0,10010.5264,0,0.0
757,2019-07-11,1062.0,1564.0,11083.1486,0,0.0
758,2019-07-12,1057.0,1480.0,10695.957,0,0.0
759,2019-07-15,1066.0,1585.0,10612.2728,1,0.0
760,2019-07-16,1077.0,1643.0,10108.6451,1,1.0
761,2019-07-17,1074.0,1417.0,10593.2201,1,0.0
762,2019-07-18,1026.0,1480.0,10084.7505,1,0.0
763,2019-07-19,1056.0,1563.0,10171.4952,1,1.0
764,2019-07-22,1055.0,1628.0,10503.7336,1,0.0
765,2019-07-23,795.0,1419.0,10122.3535,0,0.0
766,2019-07-24,983.0,1415.0,10528.138,1,0.0
767,2019-07-25,806.0,1338.0,9966.6752,0,0.0
768,2019-07-26,806.0,1254.0,10314.5021,0,0.0
769,2019-07-29,683.0,1256.0,10042.5402,0,0.0
770,2019-07-30,971.0,1189.0,9807.6225,0,0.0
771,2019-07-31,918.0,1228.0,10440.5533,0,0.0
772,2019-08-01,962.0,1352.0,9314.133,0,0.0
773,2019-08-02,1020.0,1370.0,8762.457,0,0.0
774,2019-08-05,1396.0,1605.0,7529.3337,1,1.0
775,2019-08-06,1768.0,1950.0,4938.0087,1,1.0
776,2019-08-07,1423.0,1770.0,2841.887,1,1.0
777,2019-08-08,1411.0,1678.0,2797.073,1,1.0
778,2019-08-09,833.0,1655.0,2112.4067,1,1.0
779,2019-08-12,871.0,1531.0,3120.377,1,1.0
780,2019-08-13,806.0,1640.0,8981.2078,1,1.0
781,2019-08-14,858.0,1757.0,9656.1536,0,0.0
782,2019-08-15,663.0,1540.0,11233.9737,0,0.0
783,2019-08-16,749.0,1536.0,10596.061,0,0.0
784,2019-08-19,736.0,1533.0,10753.1595,0,0.0
785,2019-08-20,711.0,1444.0,11024.2025,0,0.0
786,2019-08-21,718.0,1582.0,10462.6953,0,0.0
787,2019-08-22,873.0,1582.0,10454.8208,0,0.0
788,2019-08-23,693.0,1450.0,9447.0568,0,1.0
789,2019-08-27,813.0,1600.0,10438.2598,0,0.0
790,2019-08-28,714.0,1303.0,8120.4929,1,1.0
791,2019-08-29,503.0,1227.0,7710.8096,1,1.0
792,2019-09-02,568.0,1074.0,7348.8337,1,1.0
793,2019-09-03,547.0,791.0,10226.9379,1,1.0
794,2019-09-04,411.0,740.0,11197.2758,1,0.0
795,2019-09-05,321.0,902.0,10939.6264,1,1.0
796,2019-09-06,269.0,833.0,10987.2471,1,1.0
797,2019-09-09,56.0,704.0,11920.0624,1,0.0
798,2019-09-10,127.0,826.0,11811.5535,1,1.0
799,2019-09-11,77.0,749.0,11880.8379,0,0.0
800,2019-09-12,53.0,709.0,11979.4029,0,0.0
801,2019-09-16,61.0,712.0,11860.341,0,0.0
802,2019-09-17,-19.0,261.0,11940.0042,0,0.0
803,2019-09-18,76.0,348.0,11349.335,0,0.0
804,2019-09-19,188.0,527.0,11849.1184,0,0.0
805,2019-09-20,157.0,625.0,11861.5251,0,0.0
806,2019-09-23,86.0,657.0,11676.7238,0,0.0
807,2019-09-24,186.0,623.0,11550.0778,0,0.0
808,2019-09-25,410.0,526.0,11340.0919,0,0.0
809,2019-09-26,386.0,561.0,10396.6736,0,0.0
810,2019-09-27,430.0,480.0,7752.612,0,0.0
811,2019-09-30,677.0,450.0,5714.3164,0,0.0
812,2020-07-01,593.0,135.0,10011.419,0,0.0
813,2020-07-02,104.0,-154.0,8035.232,1,1.0
814,2020-07-03,42.0,-386.0,8036.469,1,1.0
815,2020-07-06,53.0,-358.0,8060.2184,1,1.0
816,2020-07-07,28.0,-265.0,8073.8181,0,0.0
817,2020-07-08,123.0,-116.0,8041.9553,1,1.0
818,2020-07-09,148.0,-73.0,8068.2134,1,1.0
819,2020-07-10,-34.0,-190.0,8033.28,0,0.0
820,2020-07-13,76.0,-58.0,8096.635,0,0.0
821,2020-07-14,43.0,-93.0,8048.7439,0,0.0
822,2020-07-15,196.0,97.0,8027.3804,1,1.0
823,2020-07-16,70.0,185.0,8007.905,0,0.0
824,2020-07-17,213.0,284.0,8048.727,1,1.0
825,2020-07-20,218.0,232.0,8085.405,0,1.0
826,2020-07-21,182.0,360.0,8123.877,0,0.0
827,2020-07-22,82.0,240.0,8592.978,0,0.0
828,2020-07-23,106.0,349.0,8545.99,0,0.0
829,2020-07-24,251.0,485.0,8548.934,0,0.0
830,2020-07-27,289.0,549.0,8508.828,1,1.0
831,2020-07-28,323.0,783.0,8515.933,1,1.0
832,2020-07-29,274.0,592.0,8348.085,1,1.0
833,2020-07-30,172.0,595.0,8406.319,1,1.0
834,2020-07-31,193.0,520.0,8458.278,1,0.0
835,2020-08-03,309.0,328.0,8518.751,1,1.0
836,2020-08-04,156.0,268.0,8433.577,1,1.0
837,2020-08-05,278.0,185.0,9083.584,1,1.0
838,2020-08-06,292.0,214.0,9021.262,1,1.0
839,2020-08-07,87.0,129.0,9122.5312,1,1.0
840,2020-08-10,68.0,107.0,9055.7219,1,1.0
841,2020-08-11,-304.0,554.0,8991.738,1,1.0
842,2020-08-12,-356.0,480.0,9094.3251,1,1.0
843,2020-08-13,-506.0,395.0,8967.875,0,1.0
844,2020-08-14,-384.0,623.0,8948.583,1,1.0
845,2020-08-17,-437.0,492.0,9051.67,1,1.0
846,2020-08-18,-517.0,518.0,9026.194,1,1.0
847,2020-08-19,-434.0,538.0,9061.269,1,1.0
848,2020-08-20,-331.0,605.0,9031.758,1,1.0
849,2020-08-24,-352.0,477.0,9003.902,1,1.0
850,2020-08-25,-415.0,424.0,18042.386,1,1.0
851,2020-08-26,-337.0,252.0,10099.152,1,0.0
852,2020-08-27,-334.0,333.0,10042.159,0,0.0
853,2020-08-28,-326.0,341.0,9981.435,0,0.0
854,2020-09-01,-333.0,421.0,10230.182,0,0.0
855,2020-09-02,-364.0,678.0,10009.477,0,0.0
856,2020-09-03,-312.0,694.0,10089.982,0,0.0
857,2020-09-04,-184.0,806.0,10057.759,0,0.0
858,2020-09-07,-49.0,896.0,10080.896,0,0.0
859,2020-09-08,-114.0,760.0,10025.192,0,0.0
860,2020-09-09,-137.0,755.0,10030.31,0,0.0
861,2020-09-10,366.0,879.0,9439.803,1,1.0
862,2020-09-11,53.0,699.0,5058.808,1,1.0
863,2020-09-14,46.0,601.0,3042.061,1,1.0
864,2020-09-15,19.0,614.0,3027.313,1,1.0
865,2020-09-16,-118.0,379.0,3003.451,1,1.0
866,2020-09-17,-17.0,530.0,3018.184,0,0.0
867,2020-09-18,-7.0,545.0,2964.3154,0,1.0
868,2020-09-21,-12.0,659.0,2988.119,1,1.0
869,2020-09-22,-134.0,696.0,2977.933,0,1.0
870,2020-09-23,-112.0,780.0,2917.225,1,1.0
871,2020-09-24,51.0,778.0,2929.401,1,1.0
872,2020-09-25,161.0,820.0,2825.353,1,1.0
873,2020-09-28,193.0,791.0,2784.164,1,1.0
874,2020-09-29,36.0,674.0,2665.631,1,1.0
875,2021-07-05,106.0,717.0,2632.565,1,1.0
876,2021-07-06,-53.0,1186.0,9542.299,1,1.0
877,2021-07-07,-69.0,1380.0,9559.624,1,1.0
878,2021-07-08,101.0,1353.0,9540.873,1,1.0
879,2021-07-09,125.0,1266.0,9610.83,1,1.0
880,2021-07-12,146.0,1364.0,9528.803,1,1.0
881,2021-07-13,200.0,1356.0,9529.11,1,1.0
882,2021-07-14,28.0,1329.0,9552.8,1,1.0
883,2021-07-15,34.0,1416.0,9563.68,1,1.0
884,2021-07-16,231.0,1517.0,9537.787,1,1.0
885,2021-07-19,252.0,1659.0,9559.04,1,1.0
886,2021-07-20,406.0,1546.0,9580.08,1,1.0
887,2021-07-21,411.0,1935.0,9517.18,1,1.0
888,2021-07-22,354.0,1594.0,9565.69,1,1.0
889,2021-07-23,72.0,1618.0,9575.45,1,1.0
890,2021-07-26,112.0,1618.0,9564.05,1,1.0
891,2021-07-27,383.0,1745.0,9568.53,1,1.0
892,2021-07-28,28.0,1860.0,9544.48,0,1.0
893,2021-07-29,162.0,2000.0,9577.56,0,1.0
894,2021-07-30,153.0,1963.0,9515.75,1,1.0
895,2021-08-02,396.0,1941.0,9583.12,1,1.0
896,2021-08-03,294.0,1994.0,9544.98,1,1.0
897,2021-08-04,529.0,1940.0,9430.74,1,1.0
898,2021-08-05,270.0,1832.0,9430.86,1,1.0
899,2021-08-06,398.0,1751.0,9422.75,1,1.0
900,2021-08-09,-177.0,1703.0,9434.58,1,1.0
901,2021-08-10,-31.0,1712.0,9317.53,1,1.0
902,2021-08-11,-152.0,1854.0,9382.59,1,1.0
903,2021-08-12,-10.0,1745.0,9319.42,1,1.0
904,2021-08-13,111.0,1914.0,9331.98,0,1.0
905,2021-08-16,28.0,1677.0,9357.5,0,0.0
906,2021-08-17,-77.0,1700.0,9352.55,0,0.0
907,2021-08-18,104.0,2036.0,9372.63,0,0.0
908,2021-08-19,252.0,2095.0,9338.37,0,0.0
909,2021-08-20,276.0,2079.0,9350.66,0,0.0
910,2021-08-23,902.0,2326.0,9304.49,0,0.0
911,2021-08-24,524.0,2166.0,9313.66,0,0.0
912,2021-08-25,924.0,2035.0,9384.01,1,1.0
913,2021-08-26,654.0,1754.0,9423.93,1,1.0
914,2021-08-27,600.0,1616.0,9376.9,1,1.0
915,2021-08-31,625.0,1685.0,9350.13,1,1.0
916,2021-09-01,857.0,1602.0,9398.89,1,1.0
917,2021-09-02,713.0,1690.0,9268.45,1,1.0
918,2021-09-03,468.0,1653.0,9279.35,1,1.0
919,2021-09-06,34.0,1527.0,9215.63,0,1.0
920,2021-09-07,321.0,1601.0,15032.44,0,1.0
921,2021-09-08,303.0,1683.0,15055.87,0,1.0
922,2021-09-09,160.0,1715.0,14996.83,0,0.0
923,2021-09-10,416.0,1861.0,15048.54,0,0.0
924,2021-09-13,876.0,2004.0,15075.82,0,1.0
925,2021-09-14,856.0,1825.0,15042.652,0,1.0
926,2021-09-15,751.0,1823.0,15027.848,1,1.0
927,2021-09-16,663.0,1653.0,14969.04,1,1.0
928,2021-09-17,522.0,1707.0,15040.863,1,1.0
929,2021-09-22,804.0,1847.0,10045.3,1,0.0
930,2021-09-23,890.0,2035.0,10020.114,1,0.0
931,2021-09-24,803.0,1776.0,9995.684,1,0.0
932,2021-09-27,407.0,1550.0,10063.76,1,0.0
933,2021-09-28,-215.0,1403.0,10013.84,1,0.0
934,2021-09-29,-70.0,1436.0,10022.39,1,0.0
935,2021-10-08,-295.0,1381.0,10125.59,1,0.0
936,2021-10-11,-1105.0,1160.0,15042.981,1,0.0
937,2021-10-12,154.0,2834.0,25232.4,1,0.0
938,2021-10-13,-136.0,2820.0,24153.69,0,0.0
939,2021-10-14,573.0,3271.0,16715.35,1,0.0
940,2021-10-15,144.0,3534.0,21457.59,0,0.0
941,2021-10-18,-1264.0,3203.0,23433.239,0,1.0
942,2021-10-19,204.0,3698.0,16355.905,0,0.0
943,2021-10-20,436.0,3748.0,13409.523,0,0.0
944,2021-10-21,752.0,3671.0,13038.82,0,0.0
945,2021-10-22,1065.0,3221.0,10357.23,1,0.0
946,2021-10-25,932.0,3887.0,8949.0497,1,0.0
947,2021-10-26,631.0,3550.0,9988.79,1,0.0
948,2021-10-27,1024.0,3607.0,12713.53,1,0.0
949,2021-10-28,1188.0,3612.0,12122.1,1,0.0
950,2021-10-29,844.0,3304.0,10263.74,1,0.0
951,2021-11-01,956.0,2833.0,13394.54,1,0.0
952,2021-11-02,698.0,4120.0,22124.622,0,0.0
953,2021-11-03,714.0,3558.0,24580.127,0,0.0
954,2021-11-04,751.0,3703.0,11856.683,0,0.0
955,2021-11-05,957.0,3480.0,23919.36,1,0.0
956,2021-11-08,823.0,3800.0,27975.65,1,0.0
957,2021-11-09,638.0,2565.0,17899.676,1,0.0
958,2021-11-10,892.0,2619.0,20594.958,1,0.0
959,2021-11-11,871.0,2438.0,9754.674,1,0.0
960,2021-11-12,1061.0,2584.0,10135.479,1,0.0
961,2021-11-15,1230.0,2574.0,12973.644,1,0.0
962,2021-11-16,1042.0,2717.0,13361.981,0,0.0
963,2021-11-17,912.0,2830.0,12342.7,0,0.0
964,2021-11-18,857.0,2763.0,16428.48,0,0.0
965,2021-11-19,873.0,2540.0,14993.709,0,1.0
966,2021-11-22,965.0,2817.0,16728.809,0,0.0
967,2021-11-23,998.0,2595.0,15308.805,0,1.0
