,date,factor_indicator,y,signal
0,2013-01-07,5808.0,1,1.0
1,2013-01-08,5878.0,1,1.0
2,2013-01-09,5804.0,1,1.0
3,2013-01-10,5864.0,1,1.0
4,2013-01-11,5906.0,1,1.0
5,2013-01-14,5875.0,1,1.0
6,2013-01-15,5848.0,1,1.0
7,2013-01-16,5853.0,1,1.0
8,2013-01-17,5771.0,1,1.0
9,2013-01-18,5639.0,1,1.0
10,2013-01-21,5564.0,1,1.0
11,2013-01-22,5460.0,1,0.0
12,2013-01-23,5463.0,1,0.0
13,2013-01-24,5251.0,1,1.0
14,2013-01-25,5178.0,1,1.0
15,2013-01-28,4925.0,1,0.0
16,2013-01-29,5208.0,0,0.0
17,2013-01-30,5140.0,0,0.0
18,2013-01-31,4943.0,0,0.0
19,2013-02-01,4780.0,0,0.0
20,2013-02-04,4817.0,0,0.0
21,2013-02-05,4814.0,0,0.0
22,2013-02-06,4994.0,0,1.0
23,2013-02-07,5041.0,0,0.0
24,2013-02-08,4999.0,0,1.0
25,2013-02-18,5013.0,1,1.0
26,2013-02-19,4903.0,1,1.0
27,2013-02-20,4908.0,0,0.0
28,2013-02-21,4769.0,1,0.0
29,2013-02-22,4743.0,1,1.0
30,2013-02-25,4905.0,1,1.0
31,2013-02-26,4906.0,1,0.0
32,2013-02-27,5090.0,1,0.0
33,2013-02-28,5100.0,1,0.0
34,2013-03-01,4838.0,1,0.0
35,2013-03-04,4683.0,1,1.0
36,2013-03-05,4654.0,1,0.0
37,2013-03-06,4516.0,1,1.0
38,2013-03-07,4398.0,0,1.0
39,2013-03-08,4352.0,1,1.0
40,2013-03-11,4448.0,0,1.0
41,2013-03-12,4371.0,1,1.0
42,2013-03-13,4382.0,1,1.0
43,2013-03-14,4329.0,0,1.0
44,2013-03-15,4144.0,0,0.0
45,2013-03-18,3816.0,0,0.0
46,2013-03-19,3542.0,1,0.0
47,2013-03-20,3764.0,1,0.0
48,2013-03-21,3749.0,1,0.0
49,2013-03-22,4070.0,1,1.0
50,2013-03-25,4198.0,1,0.0
51,2013-03-26,4330.0,1,1.0
52,2013-03-27,4448.0,1,1.0
53,2013-03-28,4223.0,1,1.0
54,2013-04-02,4193.0,0,0.0
55,2013-04-03,4347.0,0,1.0
56,2013-04-08,4114.0,0,0.0
57,2013-04-09,4429.0,0,1.0
58,2013-04-10,4644.0,0,0.0
59,2013-04-11,4708.0,0,0.0
60,2013-04-12,4574.0,0,0.0
61,2013-04-15,4638.0,0,0.0
62,2013-04-16,4494.0,0,1.0
63,2013-04-17,4633.0,0,0.0
64,2013-04-18,4718.0,0,0.0
65,2013-04-19,4550.0,0,0.0
66,2013-04-22,4693.0,1,1.0
67,2013-04-23,4695.0,1,1.0
68,2013-04-24,4574.0,1,0.0
69,2013-04-25,4668.0,1,1.0
70,2013-04-26,4870.0,1,0.0
71,2013-05-02,4837.0,1,0.0
72,2013-05-03,4745.0,1,1.0
73,2013-05-07,4492.0,1,1.0
74,2013-05-08,4285.0,1,0.0
75,2013-05-09,4314.0,1,1.0
76,2013-05-10,4248.0,1,1.0
77,2013-05-13,4234.0,0,0.0
78,2013-05-14,4462.0,0,1.0
79,2013-05-15,4525.0,0,0.0
80,2013-05-16,4407.0,1,1.0
81,2013-05-17,4484.0,1,1.0
82,2013-05-20,4500.0,0,0.0
83,2013-05-21,4419.0,0,1.0
84,2013-05-22,4503.0,0,0.0
85,2013-05-23,4738.0,1,1.0
86,2013-05-24,4800.0,1,1.0
87,2013-05-28,5017.0,1,1.0
88,2013-05-29,5012.0,1,1.0
89,2013-05-30,5007.0,1,1.0
90,2013-05-31,5084.0,0,0.0
91,2013-06-03,5113.0,0,0.0
92,2013-06-04,5267.0,0,0.0
93,2013-06-05,4845.0,0,0.0
94,2013-06-06,4593.0,0,0.0
95,2013-06-07,4653.0,0,0.0
96,2013-06-13,4571.0,0,0.0
97,2013-06-14,4188.0,0,0.0
98,2013-06-17,4063.0,0,0.0
99,2013-06-18,4025.0,1,0.0
100,2013-06-19,4119.0,0,0.0
101,2013-06-20,4393.0,0,1.0
102,2013-06-21,4505.0,1,1.0
103,2013-06-24,4699.0,1,1.0
104,2013-06-25,4774.0,1,0.0
105,2013-06-26,4958.0,0,0.0
106,2013-06-27,4705.0,0,0.0
107,2013-06-28,4878.0,0,1.0
108,2013-07-01,4842.0,0,0.0
109,2013-07-02,4924.0,0,0.0
110,2013-07-03,4705.0,0,0.0
111,2013-07-04,4808.0,0,0.0
112,2013-07-05,4647.0,0,0.0
113,2013-07-08,4648.0,0,0.0
114,2013-07-09,4765.0,0,0.0
115,2013-07-10,4715.0,1,0.0
116,2013-07-11,4597.0,1,0.0
117,2013-07-12,4494.0,1,1.0
118,2013-07-15,4766.0,1,1.0
119,2013-07-16,4719.0,1,0.0
120,2013-07-17,4719.0,0,0.0
121,2013-07-18,4817.0,0,0.0
122,2013-07-19,4915.0,0,0.0
123,2013-07-22,4756.0,0,0.0
124,2013-07-23,4537.0,0,0.0
125,2013-07-24,4535.0,0,0.0
126,2013-07-25,4578.0,0,0.0
127,2013-07-26,4576.0,0,0.0
128,2013-07-29,4530.0,0,0.0
129,2013-07-30,4667.0,1,1.0
130,2013-07-31,4742.0,1,1.0
131,2013-08-01,4668.0,0,1.0
132,2013-08-02,4886.0,0,1.0
133,2013-08-05,4881.0,1,1.0
134,2013-08-06,4963.0,0,0.0
135,2013-08-07,4932.0,0,0.0
136,2013-08-08,4872.0,1,1.0
137,2013-08-09,4510.0,1,1.0
138,2013-08-12,4350.0,0,1.0
139,2013-08-13,4411.0,1,1.0
140,2013-08-14,4271.0,0,0.0
141,2013-08-15,4038.0,1,0.0
142,2013-08-16,4106.0,1,1.0
143,2013-08-19,4082.0,1,1.0
144,2013-08-20,3889.0,1,1.0
145,2013-08-21,3915.0,1,1.0
146,2013-08-22,4468.0,1,1.0
147,2013-08-23,5041.0,0,0.0
148,2013-08-27,5039.0,0,0.0
149,2013-08-28,4930.0,0,0.0
150,2013-08-29,5009.0,0,1.0
151,2013-08-30,5067.0,0,0.0
152,2013-09-02,5126.0,0,0.0
153,2013-09-03,5081.0,0,0.0
154,2013-09-04,5079.0,0,0.0
155,2013-09-05,5178.0,1,1.0
156,2013-09-06,5177.0,1,1.0
157,2013-09-09,5239.0,1,1.0
158,2013-09-10,5115.0,1,0.0
159,2013-09-11,5074.0,1,1.0
160,2013-09-12,4977.0,1,1.0
161,2013-09-13,4998.0,1,1.0
162,2013-09-16,4917.0,1,0.0
163,2013-09-17,4930.0,1,0.0
164,2013-09-18,4988.0,1,1.0
165,2013-09-23,4937.0,1,1.0
166,2013-09-24,4904.0,1,1.0
167,2013-09-25,4940.0,1,1.0
168,2013-09-26,4906.0,0,0.0
169,2013-09-27,4909.0,0,0.0
170,2013-09-30,4771.0,0,0.0
171,2013-10-08,4581.0,0,0.0
172,2013-10-09,5342.0,0,0.0
173,2013-10-10,5431.0,0,0.0
174,2013-10-11,5481.0,0,0.0
175,2013-10-14,5477.0,0,0.0
176,2013-10-15,5473.0,0,0.0
177,2013-10-16,5436.0,0,0.0
178,2013-10-17,5460.0,0,0.0
179,2013-10-18,5510.0,0,0.0
180,2013-10-21,5461.0,0,0.0
181,2013-10-22,5559.0,0,1.0
182,2013-10-23,5581.0,0,0.0
183,2013-10-24,5661.0,0,1.0
184,2013-10-25,5911.0,1,1.0
185,2013-10-28,6147.0,0,1.0
186,2013-10-29,6159.0,1,1.0
187,2013-10-30,6158.0,1,1.0
188,2013-10-31,6190.0,1,1.0
189,2013-11-01,6224.0,0,1.0
190,2013-11-04,6332.0,0,0.0
191,2013-11-05,6378.0,1,1.0
192,2013-11-06,6433.0,0,0.0
193,2013-11-07,6448.0,0,0.0
194,2013-11-08,6302.0,0,0.0
195,2013-11-11,6350.0,0,0.0
196,2013-11-12,6366.0,0,0.0
197,2013-11-13,6420.0,0,0.0
198,2013-11-14,6472.0,0,0.0
199,2013-11-15,6411.0,0,0.0
200,2013-11-18,6557.0,0,1.0
201,2013-11-19,6437.0,1,1.0
202,2013-11-20,6512.0,1,1.0
203,2013-11-21,6486.0,1,1.0
204,2013-11-22,6422.0,1,1.0
205,2013-11-25,6383.0,1,1.0
206,2013-11-26,6521.0,1,1.0
207,2013-11-27,6328.0,1,0.0
208,2013-11-28,6215.0,1,1.0
209,2013-11-29,6288.0,1,1.0
210,2013-12-02,6286.0,1,1.0
211,2013-12-03,6107.0,1,1.0
212,2013-12-04,6216.0,1,1.0
213,2013-12-05,6211.0,1,1.0
214,2013-12-06,6140.0,1,1.0
215,2013-12-09,6170.0,0,1.0
216,2013-12-10,5929.0,1,1.0
217,2013-12-11,5945.0,1,1.0
218,2013-12-12,5916.0,0,1.0
219,2013-12-13,5669.0,1,1.0
220,2013-12-16,5601.0,1,1.0
221,2013-12-17,5601.0,1,1.0
222,2013-12-18,5596.0,1,1.0
223,2013-12-19,5721.0,1,1.0
224,2013-12-20,5724.0,1,1.0
225,2013-12-23,5692.0,1,1.0
226,2013-12-24,5717.0,1,1.0
227,2013-12-26,5825.0,1,1.0
228,2013-12-27,5830.0,1,1.0
229,2013-12-30,5723.0,1,1.0
230,2013-12-31,5572.0,1,1.0
231,2014-01-02,5498.0,1,1.0
232,2014-01-03,5539.0,1,1.0
233,2014-01-06,5636.0,1,1.0
234,2014-01-07,5766.0,1,1.0
235,2014-01-08,5680.0,1,1.0
236,2014-01-09,5506.0,1,1.0
237,2014-01-10,5720.0,1,1.0
238,2014-01-13,5732.0,1,1.0
239,2014-01-14,5713.0,1,1.0
240,2014-01-15,5496.0,0,0.0
241,2014-01-16,5444.0,0,0.0
242,2014-01-17,5281.0,0,0.0
243,2014-01-20,4951.0,0,0.0
244,2014-01-21,4898.0,0,1.0
245,2014-01-22,4891.0,1,1.0
246,2014-01-23,4682.0,1,1.0
247,2014-01-24,4718.0,1,0.0
248,2014-01-27,4806.0,1,1.0
249,2014-01-28,4813.0,1,0.0
250,2014-01-29,5231.0,1,0.0
251,2014-01-30,5238.0,1,1.0
252,2014-02-07,5059.0,1,1.0
253,2014-02-10,4961.0,1,0.0
254,2014-02-11,4799.0,0,1.0
255,2014-02-12,4798.0,1,1.0
256,2014-02-13,4615.0,0,0.0
257,2014-02-14,4657.0,0,0.0
258,2014-02-17,4689.0,0,1.0
259,2014-02-18,4616.0,0,0.0
260,2014-02-19,4625.0,0,0.0
261,2014-02-20,4563.0,0,0.0
262,2014-02-21,4807.0,0,0.0
263,2014-02-24,4845.0,0,0.0
264,2014-02-25,4731.0,0,0.0
265,2014-02-26,4581.0,0,0.0
266,2014-02-27,4869.0,0,0.0
267,2014-02-28,5044.0,0,0.0
268,2014-03-03,4830.0,1,0.0
269,2014-03-04,4927.0,0,0.0
270,2014-03-05,4774.0,0,0.0
271,2014-03-06,4642.0,0,0.0
272,2014-03-07,4733.0,0,0.0
273,2014-03-10,4269.0,0,0.0
274,2014-03-11,4304.0,0,0.0
275,2014-03-12,4294.0,0,0.0
276,2014-03-13,4298.0,0,0.0
277,2014-03-14,4222.0,0,0.0
278,2014-03-17,4271.0,0,0.0
279,2014-03-18,4189.0,0,0.0
280,2014-03-19,4248.0,0,1.0
281,2014-03-20,4123.0,0,0.0
282,2014-03-21,4193.0,0,0.0
283,2014-03-24,4256.0,0,1.0
284,2014-03-25,4059.0,0,0.0
285,2014-03-26,4486.0,0,1.0
286,2014-03-27,4006.0,1,1.0
287,2014-03-28,4389.0,1,1.0
288,2014-03-31,4248.0,1,1.0
289,2014-04-01,4124.0,1,1.0
290,2014-04-02,4114.0,1,0.0
291,2014-04-03,4349.0,1,1.0
292,2014-04-04,4449.0,1,1.0
293,2014-04-08,4167.0,1,1.0
294,2014-04-09,4270.0,0,0.0
295,2014-04-10,3827.0,0,0.0
296,2014-04-11,3893.0,1,1.0
297,2014-04-14,4083.0,0,1.0
298,2014-04-15,4075.0,1,1.0
299,2014-04-16,3811.0,0,0.0
300,2014-04-17,3962.0,0,0.0
301,2014-04-22,3785.0,0,0.0
302,2014-04-23,3611.0,1,1.0
303,2014-04-24,3348.0,1,1.0
304,2014-04-25,3279.0,0,1.0
305,2014-04-28,3065.0,0,0.0
306,2014-04-29,2957.0,0,0.0
307,2014-04-30,2925.0,0,1.0
308,2014-05-05,2638.0,0,0.0
309,2014-05-06,2502.0,0,0.0
310,2014-05-07,2425.0,0,0.0
311,2014-05-08,2518.0,0,0.0
312,2014-05-09,2736.0,0,1.0
313,2014-05-12,2659.0,0,0.0
314,2014-05-13,2745.0,0,0.0
315,2014-05-14,2854.0,0,0.0
316,2014-05-15,2867.0,0,0.0
317,2014-05-16,2863.0,0,0.0
318,2014-05-19,2886.0,0,1.0
319,2014-05-20,2899.0,0,0.0
320,2014-05-21,2942.0,0,0.0
321,2014-05-22,2940.0,0,0.0
322,2014-05-23,2899.0,0,0.0
323,2014-05-27,3124.0,0,0.0
324,2014-05-28,3227.0,0,0.0
325,2014-05-29,3326.0,0,0.0
326,2014-05-30,3339.0,0,0.0
327,2014-06-03,3137.0,0,1.0
328,2014-06-04,3068.0,0,0.0
329,2014-06-05,2936.0,1,0.0
330,2014-06-06,3130.0,1,1.0
331,2014-06-09,3207.0,0,0.0
332,2014-06-10,3297.0,1,1.0
333,2014-06-11,3309.0,0,0.0
334,2014-06-12,3043.0,0,0.0
335,2014-06-13,3150.0,1,1.0
336,2014-06-16,3148.0,0,1.0
337,2014-06-17,2954.0,0,0.0
338,2014-06-18,2953.0,0,0.0
339,2014-06-19,2787.0,1,1.0
340,2014-06-20,2635.0,0,0.0
341,2014-06-23,2984.0,0,1.0
342,2014-06-24,2976.0,0,0.0
343,2014-06-25,2974.0,0,0.0
344,2014-06-26,3100.0,0,0.0
345,2014-06-27,3238.0,0,0.0
346,2014-06-30,3287.0,0,1.0
347,2014-07-01,3243.0,0,0.0
348,2014-07-02,3437.0,0,0.0
349,2014-07-03,3436.0,0,0.0
350,2014-07-04,3586.0,0,0.0
351,2014-07-07,3659.0,0,1.0
352,2014-07-08,3650.0,0,1.0
353,2014-07-09,3902.0,0,0.0
354,2014-07-10,3884.0,0,0.0
355,2014-07-11,3948.0,1,1.0
356,2014-07-14,4086.0,1,1.0
357,2014-07-15,4160.0,1,1.0
358,2014-07-16,4125.0,1,1.0
359,2014-07-17,4185.0,0,0.0
360,2014-07-18,4168.0,1,1.0
361,2014-07-21,4151.0,1,1.0
362,2014-07-22,4146.0,0,0.0
363,2014-07-23,4134.0,0,0.0
364,2014-07-24,4110.0,0,0.0
365,2014-07-25,4104.0,1,1.0
366,2014-07-28,4404.0,1,1.0
367,2014-07-29,4499.0,1,0.0
368,2014-07-30,4420.0,1,1.0
369,2014-07-31,4494.0,1,1.0
370,2014-08-01,4610.0,1,0.0
371,2014-08-04,5768.0,1,1.0
372,2014-08-05,5689.0,1,1.0
373,2014-08-06,5534.0,1,1.0
374,2014-08-07,5610.0,0,0.0
375,2014-08-08,5516.0,0,0.0
376,2014-08-11,5551.0,0,0.0
377,2014-08-12,5517.0,0,0.0
378,2014-08-13,5478.0,0,0.0
379,2014-08-14,5624.0,0,0.0
380,2014-08-15,5416.0,0,0.0
381,2014-08-18,5449.0,0,0.0
382,2014-08-19,5524.0,0,0.0
383,2014-08-20,5577.0,0,0.0
384,2014-08-21,5428.0,0,0.0
385,2014-08-22,5205.0,0,0.0
386,2014-08-25,5205.0,0,0.0
387,2014-08-26,5204.0,0,0.0
388,2014-08-27,5170.0,0,0.0
389,2014-08-28,5069.0,0,0.0
390,2014-08-29,5021.0,0,0.0
391,2014-09-01,5134.0,0,0.0
392,2014-09-02,5120.0,0,0.0
393,2014-09-03,5085.0,0,0.0
394,2014-09-04,5233.0,0,0.0
395,2014-09-05,5135.0,0,0.0
396,2014-09-09,5201.0,0,0.0
397,2014-09-10,5276.0,0,0.0
398,2014-09-11,5233.0,0,0.0
399,2014-09-12,5051.0,0,0.0
400,2014-09-15,4946.0,0,0.0
401,2014-09-16,4893.0,0,1.0
402,2014-09-17,5171.0,0,0.0
403,2014-09-18,5221.0,0,0.0
404,2014-09-19,5193.0,0,0.0
405,2014-09-22,5237.0,1,1.0
406,2014-09-23,5163.0,1,0.0
407,2014-09-24,5280.0,1,0.0
408,2014-09-25,5064.0,1,1.0
409,2014-09-26,5054.0,1,1.0
410,2014-09-29,4889.0,1,1.0
411,2014-09-30,4462.0,1,1.0
412,2014-10-08,4340.0,1,1.0
413,2014-10-09,3950.0,1,0.0
414,2014-10-10,3916.0,1,1.0
415,2014-10-13,3819.0,1,0.0
416,2014-10-14,3754.0,1,0.0
417,2014-10-15,3654.0,1,1.0
418,2014-10-16,3682.0,0,0.0
419,2014-10-17,3723.0,0,0.0
420,2014-10-20,3732.0,0,0.0
421,2014-10-21,3739.0,0,0.0
422,2014-10-22,3780.0,0,0.0
423,2014-10-23,3742.0,0,0.0
424,2014-10-24,3769.0,0,0.0
425,2014-10-27,3776.0,0,0.0
426,2014-10-28,3747.0,0,0.0
427,2014-10-29,3754.0,0,0.0
428,2014-10-30,3709.0,0,0.0
429,2014-10-31,3687.0,0,0.0
430,2014-11-03,3763.0,0,0.0
431,2014-11-04,3768.0,0,0.0
432,2014-11-05,3803.0,0,0.0
433,2014-11-06,3949.0,0,0.0
434,2014-11-07,3962.0,0,0.0
435,2014-11-10,3895.0,0,0.0
436,2014-11-11,3838.0,0,0.0
437,2014-11-12,4033.0,0,0.0
438,2014-11-13,4011.0,0,0.0
439,2014-11-14,4180.0,0,0.0
440,2014-11-17,4381.0,0,1.0
441,2014-11-18,4275.0,1,0.0
442,2014-11-19,4308.0,0,0.0
443,2014-11-20,4177.0,0,0.0
444,2014-11-21,4261.0,1,1.0
445,2014-11-24,4262.0,1,1.0
446,2014-11-25,4129.0,1,1.0
447,2014-11-26,4166.0,1,1.0
448,2014-11-27,4008.0,1,1.0
449,2014-11-28,3781.0,0,0.0
450,2014-12-01,3689.0,1,0.0
451,2014-12-02,3616.0,1,1.0
452,2014-12-03,3667.0,1,1.0
453,2014-12-04,3600.0,1,1.0
454,2014-12-05,3493.0,0,0.0
455,2014-12-08,3401.0,0,0.0
456,2014-12-09,3423.0,0,0.0
457,2014-12-10,3203.0,1,0.0
458,2014-12-11,3099.0,0,0.0
459,2014-12-12,3058.0,0,0.0
460,2014-12-15,2844.0,0,1.0
461,2014-12-16,2844.0,1,1.0
462,2014-12-17,2812.0,1,0.0
463,2014-12-18,2877.0,1,1.0
464,2014-12-19,2736.0,1,1.0
465,2014-12-22,2715.0,1,1.0
466,2014-12-23,2712.0,1,1.0
467,2014-12-24,2572.0,1,1.0
468,2014-12-29,2616.0,1,1.0
469,2014-12-30,2619.0,0,0.0
470,2014-12-31,2581.0,0,0.0
471,2015-01-05,2584.0,0,0.0
472,2015-01-06,2969.0,0,0.0
473,2015-01-07,2830.0,1,1.0
474,2015-01-08,2905.0,1,1.0
475,2015-01-09,2874.0,0,1.0
476,2015-01-12,2873.0,0,0.0
477,2015-01-13,2841.0,0,0.0
478,2015-01-14,2984.0,1,1.0
479,2015-01-15,2910.0,1,1.0
480,2015-01-16,3049.0,1,0.0
481,2015-01-19,2982.0,1,1.0
482,2015-01-20,2988.0,1,0.0
483,2015-01-21,2978.0,0,0.0
484,2015-01-22,3167.0,1,1.0
485,2015-01-23,3133.0,1,1.0
486,2015-01-26,3151.0,1,1.0
487,2015-01-27,3215.0,1,0.0
488,2015-01-28,3030.0,1,0.0
489,2015-01-29,3010.0,1,0.0
490,2015-01-30,2905.0,1,1.0
491,2015-02-02,2907.0,1,1.0
492,2015-02-03,2924.0,1,1.0
493,2015-02-04,2845.0,1,1.0
494,2015-02-05,2636.0,0,0.0
495,2015-02-06,2677.0,1,1.0
496,2015-02-09,2607.0,1,1.0
497,2015-02-10,2632.0,1,0.0
498,2015-02-11,2536.0,1,1.0
499,2015-02-12,2512.0,1,0.0
500,2015-02-13,2591.0,1,1.0
501,2015-02-16,2515.0,0,0.0
502,2015-02-17,2472.0,0,0.0
503,2015-02-25,2475.0,0,0.0
504,2015-02-26,2260.0,0,0.0
505,2015-02-27,2185.0,0,1.0
506,2015-03-02,2225.0,0,1.0
507,2015-03-03,2252.0,0,0.0
508,2015-03-04,2270.0,0,0.0
509,2015-03-05,2417.0,0,0.0
510,2015-03-06,2441.0,0,0.0
511,2015-03-09,2490.0,0,0.0
512,2015-03-10,2526.0,0,0.0
513,2015-03-11,2640.0,1,0.0
514,2015-03-12,2814.0,1,0.0
515,2015-03-13,2881.0,1,1.0
516,2015-03-16,2733.0,1,1.0
517,2015-03-17,2838.0,1,1.0
518,2015-03-18,2837.0,1,1.0
519,2015-03-19,2879.0,1,1.0
520,2015-03-20,2570.0,1,1.0
521,2015-03-23,2505.0,0,0.0
522,2015-03-24,2505.0,0,0.0
523,2015-03-25,2335.0,0,1.0
524,2015-03-26,2360.0,0,1.0
525,2015-03-27,2468.0,0,0.0
526,2015-03-30,2485.0,0,0.0
527,2015-03-31,2410.0,0,0.0
528,2015-04-01,2549.0,0,1.0
529,2015-04-02,2440.0,0,0.0
530,2015-04-07,2499.0,1,0.0
531,2015-04-08,2083.0,1,0.0
532,2015-04-09,1942.0,0,0.0
533,2015-04-10,1901.0,1,0.0
534,2015-04-13,1969.0,1,1.0
535,2015-04-14,2115.0,1,1.0
536,2015-04-15,2090.0,1,1.0
537,2015-04-16,2146.0,1,1.0
538,2015-04-17,2139.0,1,1.0
539,2015-04-20,2196.0,1,1.0
540,2015-04-21,2376.0,1,1.0
541,2015-04-22,2349.0,1,1.0
542,2015-04-23,2396.0,1,1.0
543,2015-04-24,2389.0,1,1.0
544,2015-04-27,2017.0,1,1.0
545,2015-04-28,1859.0,0,0.0
546,2015-04-29,1860.0,0,0.0
547,2015-04-30,1842.0,0,0.0
548,2015-05-04,1742.0,0,0.0
549,2015-05-05,1667.0,0,1.0
550,2015-05-06,1813.0,0,0.0
551,2015-05-07,1813.0,0,0.0
552,2015-05-08,1927.0,0,0.0
553,2015-05-11,1953.0,0,0.0
554,2015-05-12,1842.0,0,0.0
555,2015-05-13,1924.0,0,0.0
556,2015-05-14,1961.0,0,0.0
557,2015-05-15,1846.0,0,0.0
558,2015-05-18,1735.0,0,0.0
559,2015-05-19,1700.0,0,0.0
560,2015-05-20,1916.0,0,0.0
561,2015-05-21,1980.0,1,1.0
562,2015-05-22,2000.0,1,0.0
563,2015-05-26,2076.0,1,0.0
564,2015-05-27,2129.0,1,1.0
565,2015-05-28,2127.0,0,1.0
566,2015-05-29,2158.0,0,0.0
567,2015-06-01,1955.0,0,0.0
568,2015-06-02,1993.0,0,1.0
569,2015-06-03,2049.0,0,1.0
570,2015-06-04,2086.0,0,1.0
571,2015-06-05,1856.0,0,0.0
572,2015-06-08,1871.0,0,0.0
573,2015-06-09,2042.0,0,1.0
574,2015-06-10,1948.0,0,0.0
575,2015-06-11,1979.0,0,1.0
576,2015-06-12,1935.0,0,0.0
577,2015-06-15,2080.0,0,0.0
578,2015-06-16,2022.0,1,1.0
579,2015-06-17,2163.0,1,0.0
580,2015-06-18,2010.0,0,0.0
581,2015-06-19,2087.0,1,1.0
582,2015-06-23,2062.0,1,0.0
583,2015-06-24,2049.0,1,1.0
584,2015-06-25,2070.0,1,0.0
585,2015-06-26,2063.0,1,0.0
586,2015-06-29,1941.0,0,0.0
587,2015-06-30,1629.0,1,1.0
588,2015-07-01,1630.0,1,1.0
589,2015-07-02,1538.0,1,0.0
590,2015-07-03,1591.0,0,0.0
591,2015-07-06,1605.0,0,0.0
592,2015-07-07,1593.0,0,0.0
593,2015-07-08,1670.0,0,1.0
594,2015-07-09,1801.0,1,0.0
595,2015-07-10,1895.0,0,0.0
596,2015-07-13,1809.0,0,1.0
597,2015-07-14,1847.0,0,0.0
598,2015-07-15,1845.0,0,0.0
599,2015-07-16,1747.0,0,0.0
600,2015-07-17,1945.0,1,0.0
601,2015-07-20,1888.0,1,1.0
602,2015-07-21,1878.0,1,1.0
603,2015-07-22,1942.0,0,0.0
604,2015-07-23,2018.0,0,1.0
605,2015-07-24,1988.0,0,1.0
606,2015-07-27,1964.0,0,0.0
607,2015-07-28,1961.0,0,0.0
608,2015-07-29,2063.0,0,0.0
609,2015-07-30,1947.0,0,0.0
610,2015-07-31,2033.0,0,1.0
611,2015-08-03,2067.0,0,0.0
612,2015-08-04,1843.0,0,0.0
613,2015-08-05,1866.0,0,0.0
614,2015-08-06,1917.0,1,0.0
615,2015-08-07,1940.0,1,1.0
616,2015-08-10,2132.0,1,1.0
617,2015-08-11,2219.0,1,1.0
618,2015-08-12,2205.0,1,1.0
619,2015-08-13,2172.0,1,1.0
620,2015-08-14,1855.0,0,0.0
621,2015-08-17,1699.0,0,0.0
622,2015-08-18,1659.0,0,1.0
623,2015-08-19,1602.0,0,1.0
624,2015-08-20,1577.0,0,0.0
625,2015-08-21,1578.0,0,0.0
626,2015-08-24,1501.0,0,0.0
627,2015-08-25,1496.0,1,0.0
628,2015-08-26,1916.0,1,0.0
629,2015-08-27,2038.0,1,1.0
630,2015-08-28,2185.0,1,1.0
631,2015-09-01,2022.0,1,1.0
632,2015-09-07,1580.0,1,0.0
633,2015-09-08,1632.0,0,1.0
634,2015-09-09,1633.0,0,1.0
635,2015-09-10,1560.0,0,0.0
636,2015-09-11,1683.0,0,0.0
637,2015-09-14,1594.0,0,0.0
638,2015-09-15,1593.0,1,0.0
639,2015-09-16,1698.0,0,0.0
640,2015-09-17,1712.0,0,1.0
641,2015-09-18,1697.0,0,0.0
642,2015-09-21,1738.0,0,0.0
643,2015-09-22,2028.0,0,1.0
644,2015-09-23,2022.0,0,1.0
645,2015-09-24,2165.0,0,0.0
646,2015-09-25,2179.0,0,1.0
647,2015-09-28,2113.0,0,0.0
648,2015-09-29,2070.0,0,0.0
649,2015-09-30,2068.0,0,0.0
650,2015-10-08,2028.0,0,1.0
651,2015-10-09,1879.0,0,1.0
652,2015-10-12,1908.0,0,0.0
653,2015-10-13,1901.0,0,0.0
654,2015-10-14,1902.0,0,0.0
655,2015-10-15,1576.0,0,0.0
656,2015-10-16,1581.0,0,0.0
657,2015-10-19,1619.0,0,1.0
658,2015-10-20,1558.0,0,0.0
659,2015-10-21,1640.0,0,1.0
660,2015-10-22,1559.0,0,0.0
661,2015-10-23,1469.0,1,1.0
662,2015-10-26,1738.0,1,0.0
663,2015-10-27,1681.0,0,0.0
664,2015-10-28,1756.0,0,1.0
665,2015-10-29,1709.0,1,1.0
666,2015-10-30,1670.0,1,1.0
667,2015-11-02,1880.0,1,1.0
668,2015-11-03,1799.0,0,0.0
669,2015-11-04,1801.0,1,0.0
670,2015-11-05,1763.0,1,1.0
671,2015-11-06,1833.0,1,0.0
672,2015-11-09,1812.0,1,0.0
673,2015-11-10,1801.0,1,0.0
674,2015-11-11,1752.0,1,1.0
675,2015-11-12,1750.0,1,1.0
676,2015-11-13,1712.0,1,1.0
677,2015-11-16,1733.0,0,0.0
678,2015-11-17,1747.0,0,0.0
679,2015-11-18,1688.0,0,0.0
680,2015-11-19,1690.0,0,0.0
681,2015-11-20,1656.0,0,1.0
682,2015-11-23,1641.0,0,0.0
683,2015-11-24,1683.0,0,0.0
684,2015-11-25,1851.0,0,0.0
685,2015-11-26,1812.0,0,0.0
686,2015-11-27,1604.0,0,0.0
687,2015-11-30,1611.0,0,1.0
688,2015-12-01,1492.0,0,0.0
689,2015-12-02,1605.0,0,0.0
690,2015-12-03,1447.0,0,0.0
691,2015-12-04,1449.0,0,0.0
692,2015-12-07,1354.0,0,1.0
693,2015-12-08,1240.0,0,0.0
694,2015-12-09,1304.0,0,1.0
695,2015-12-10,1349.0,1,1.0
696,2015-12-11,1306.0,1,1.0
697,2015-12-14,1463.0,0,1.0
698,2015-12-15,1473.0,0,1.0
699,2015-12-16,1508.0,1,1.0
700,2015-12-17,1505.0,0,0.0
701,2015-12-18,1502.0,0,0.0
702,2015-12-21,1536.0,0,0.0
703,2015-12-22,1408.0,0,0.0
704,2015-12-23,1489.0,0,0.0
705,2015-12-24,1515.0,0,0.0
706,2015-12-29,1568.0,0,1.0
707,2015-12-31,1394.0,0,0.0
708,2016-01-04,1390.0,0,0.0
709,2016-01-05,1349.0,1,1.0
710,2016-01-06,1439.0,1,0.0
711,2016-01-07,1419.0,0,0.0
712,2016-01-08,1516.0,0,0.0
713,2016-01-11,1458.0,1,0.0
714,2016-01-12,1435.0,1,0.0
715,2016-01-13,1429.0,1,0.0
716,2016-01-14,1424.0,1,0.0
717,2016-01-15,1309.0,1,1.0
718,2016-01-18,1300.0,1,1.0
719,2016-01-19,1349.0,1,1.0
720,2016-01-20,1305.0,1,1.0
721,2016-01-21,1104.0,1,0.0
722,2016-01-22,1138.0,1,1.0
723,2016-01-25,1095.0,0,1.0
724,2016-01-26,999.0,0,0.0
725,2016-01-27,1105.0,0,0.0
726,2016-01-28,1100.0,0,0.0
727,2016-01-29,1150.0,0,1.0
728,2016-02-01,895.0,0,0.0
729,2016-02-02,922.0,0,0.0
730,2016-02-03,834.0,0,0.0
731,2016-02-04,746.0,0,1.0
732,2016-02-05,782.0,0,1.0
733,2016-02-15,1015.0,0,0.0
734,2016-02-16,1239.0,0,0.0
735,2016-02-17,1223.0,0,0.0
736,2016-02-18,1048.0,0,1.0
737,2016-02-19,1048.0,0,1.0
738,2016-02-22,997.0,0,0.0
739,2016-02-23,1004.0,0,1.0
740,2016-02-24,1110.0,0,0.0
741,2016-02-25,1186.0,1,1.0
742,2016-02-26,1257.0,1,0.0
743,2016-02-29,1145.0,1,1.0
744,2016-03-01,1157.0,1,1.0
745,2016-03-02,1334.0,1,1.0
746,2016-03-03,1360.0,1,1.0
747,2016-03-04,1355.0,0,1.0
748,2016-03-07,1268.0,0,0.0
749,2016-03-08,1102.0,0,0.0
750,2016-03-09,1072.0,0,0.0
751,2016-03-10,1144.0,1,0.0
752,2016-03-11,1171.0,1,1.0
753,2016-03-14,1136.0,1,1.0
754,2016-03-15,1032.0,1,1.0
755,2016-03-16,840.0,1,1.0
756,2016-03-17,849.0,1,0.0
757,2016-03-18,842.0,1,1.0
758,2016-03-21,803.0,0,1.0
759,2016-03-22,874.0,0,0.0
760,2016-03-23,668.0,0,1.0
761,2016-03-24,780.0,0,1.0
762,2016-03-28,607.0,1,1.0
763,2016-03-29,600.0,1,1.0
764,2016-03-30,662.0,1,1.0
765,2016-03-31,736.0,1,1.0
766,2016-04-01,694.0,1,0.0
767,2016-04-05,591.0,1,1.0
768,2016-04-06,501.0,1,1.0
769,2016-04-07,501.0,1,1.0
770,2016-04-08,509.0,1,1.0
771,2016-04-11,469.0,1,0.0
772,2016-04-12,316.0,1,1.0
773,2016-04-13,282.0,1,0.0
774,2016-04-14,253.0,1,1.0
775,2016-04-15,333.0,1,1.0
776,2016-04-18,526.0,1,1.0
777,2016-04-19,675.0,1,1.0
778,2016-04-20,421.0,1,0.0
779,2016-04-21,390.0,1,1.0
780,2016-04-22,322.0,0,1.0
781,2016-04-25,429.0,0,0.0
782,2016-04-26,468.0,0,0.0
783,2016-04-27,428.0,0,0.0
784,2016-04-28,470.0,0,0.0
785,2016-04-29,415.0,0,0.0
786,2016-05-03,489.0,0,0.0
787,2016-05-04,476.0,0,1.0
788,2016-05-05,687.0,0,0.0
789,2016-05-06,749.0,0,0.0
790,2016-05-09,948.0,1,1.0
791,2016-05-10,943.0,1,1.0
792,2016-05-11,1002.0,1,1.0
793,2016-05-12,1060.0,1,1.0
794,2016-05-13,1144.0,0,0.0
795,2016-05-16,1144.0,1,0.0
796,2016-05-17,1147.0,1,1.0
797,2016-05-18,1075.0,1,0.0
798,2016-05-19,880.0,1,1.0
799,2016-05-20,915.0,0,1.0
800,2016-05-23,1062.0,0,1.0
801,2016-05-24,954.0,1,1.0
802,2016-05-25,990.0,1,0.0
803,2016-05-26,752.0,1,0.0
804,2016-05-27,758.0,0,1.0
805,2016-05-31,524.0,0,1.0
806,2016-06-01,560.0,1,1.0
807,2016-06-02,478.0,1,1.0
808,2016-06-03,594.0,1,1.0
809,2016-06-06,637.0,1,1.0
810,2016-06-07,441.0,1,1.0
811,2016-06-08,208.0,1,1.0
812,2016-06-13,155.0,1,1.0
813,2016-06-14,322.0,1,1.0
814,2016-06-15,473.0,1,1.0
815,2016-06-16,499.0,1,1.0
816,2016-06-17,532.0,1,1.0
817,2016-06-20,317.0,1,1.0
818,2016-06-21,171.0,1,0.0
819,2016-06-22,183.0,1,1.0
820,2016-06-23,383.0,1,1.0
821,2016-06-24,285.0,1,0.0
822,2016-06-27,120.0,1,1.0
823,2016-06-28,287.0,1,0.0
824,2016-06-29,270.0,1,1.0
825,2016-06-30,121.0,1,1.0
826,2016-07-01,380.0,1,1.0
827,2016-07-04,655.0,1,1.0
828,2016-07-05,579.0,1,1.0
829,2016-07-06,875.0,1,1.0
830,2016-07-07,828.0,1,1.0
831,2016-07-08,826.0,1,1.0
832,2016-07-11,854.0,1,0.0
833,2016-07-12,761.0,1,1.0
834,2016-07-13,430.0,0,0.0
835,2016-07-14,32.0,0,1.0
836,2016-07-15,-282.0,0,0.0
837,2016-07-18,-251.0,0,0.0
838,2016-07-19,-151.0,0,1.0
839,2016-07-20,97.0,0,1.0
840,2016-07-21,693.0,0,0.0
841,2016-07-22,1112.0,0,0.0
842,2016-07-25,1131.0,0,0.0
843,2016-07-26,1172.0,0,1.0
844,2016-07-27,1206.0,0,0.0
845,2016-07-28,949.0,0,0.0
846,2016-07-29,1125.0,0,0.0
847,2016-08-01,1101.0,1,0.0
848,2016-08-02,1062.0,0,1.0
849,2016-08-03,968.0,0,1.0
850,2016-08-04,921.0,1,1.0
851,2016-08-05,691.0,0,0.0
852,2016-08-08,436.0,0,0.0
853,2016-08-09,239.0,1,0.0
854,2016-08-10,337.0,0,0.0
855,2016-08-11,793.0,0,1.0
856,2016-08-12,974.0,0,1.0
857,2016-08-15,886.0,0,1.0
858,2016-08-16,1016.0,0,1.0
859,2016-08-17,1197.0,0,0.0
860,2016-08-18,1198.0,0,0.0
861,2016-08-19,1153.0,0,1.0
862,2016-08-22,1085.0,0,0.0
863,2016-08-23,1200.0,0,0.0
864,2016-08-24,1141.0,0,1.0
865,2016-08-25,1124.0,0,0.0
866,2016-08-26,1242.0,1,0.0
867,2016-08-30,1181.0,1,1.0
868,2016-08-31,1220.0,1,0.0
869,2016-09-01,1275.0,1,1.0
870,2016-09-02,1473.0,1,1.0
871,2016-09-05,1026.0,1,1.0
872,2016-09-06,1062.0,1,1.0
873,2016-09-07,1057.0,1,1.0
874,2016-09-08,820.0,1,1.0
875,2016-09-09,809.0,1,1.0
876,2016-09-12,877.0,1,1.0
877,2016-09-13,939.0,1,1.0
878,2016-09-14,1316.0,1,1.0
879,2016-09-19,1293.0,1,1.0
880,2016-09-20,1274.0,1,1.0
881,2016-09-21,1102.0,1,0.0
882,2016-09-22,766.0,1,1.0
883,2016-09-23,639.0,1,1.0
884,2016-09-26,719.0,1,1.0
885,2016-09-27,1003.0,0,1.0
886,2016-09-28,1064.0,0,0.0
887,2016-09-29,1349.0,0,1.0
888,2016-09-30,1643.0,0,0.0
889,2016-10-10,1827.0,0,0.0
890,2016-10-11,2364.0,0,1.0
891,2016-10-12,2298.0,0,0.0
892,2016-10-13,2338.0,0,1.0
893,2016-10-14,2043.0,1,1.0
894,2016-10-17,1933.0,0,0.0
895,2016-10-18,1664.0,1,1.0
896,2016-10-19,1600.0,1,1.0
897,2016-10-20,1679.0,1,1.0
898,2016-10-21,1669.0,1,1.0
899,2016-10-24,1877.0,1,1.0
900,2016-10-25,1986.0,1,1.0
901,2016-10-26,2044.0,1,1.0
902,2016-10-27,2088.0,1,1.0
903,2016-10-28,1959.0,0,0.0
904,2016-10-31,1875.0,1,1.0
905,2016-11-01,1700.0,1,0.0
906,2016-11-02,1976.0,1,1.0
907,2016-11-03,2134.0,1,1.0
908,2016-11-04,2041.0,1,1.0
909,2016-11-07,2126.0,1,1.0
910,2016-11-08,2049.0,1,1.0
911,2016-11-09,2051.0,1,1.0
912,2016-11-10,2028.0,1,1.0
913,2016-11-11,2130.0,1,1.0
914,2016-11-14,2160.0,0,0.0
915,2016-11-15,2290.0,1,1.0
916,2016-11-16,2239.0,1,1.0
917,2016-11-17,2107.0,1,0.0
918,2016-11-18,1892.0,0,0.0
919,2016-11-21,1853.0,0,0.0
920,2016-11-22,1912.0,0,0.0
921,2016-11-23,1989.0,0,1.0
922,2016-11-24,2018.0,0,1.0
923,2016-11-25,2151.0,0,1.0
924,2016-11-28,2177.0,1,1.0
925,2016-11-29,2279.0,0,0.0
926,2016-11-30,2183.0,0,1.0
927,2016-12-01,2281.0,1,1.0
928,2016-12-02,1954.0,1,0.0
929,2016-12-05,2064.0,1,0.0
930,2016-12-06,2018.0,1,1.0
931,2016-12-07,2016.0,0,0.0
932,2016-12-08,1937.0,0,0.0
933,2016-12-09,1978.0,0,1.0
934,2016-12-12,1890.0,0,0.0
935,2016-12-13,1997.0,0,1.0
936,2016-12-14,1869.0,0,0.0
937,2016-12-15,1826.0,0,0.0
938,2016-12-16,1914.0,0,0.0
939,2016-12-19,1871.0,0,0.0
940,2016-12-20,2002.0,0,0.0
941,2016-12-21,2166.0,1,1.0
942,2016-12-22,2137.0,1,1.0
943,2016-12-23,1994.0,1,1.0
944,2016-12-28,2010.0,1,0.0
945,2016-12-29,2023.0,1,1.0
946,2016-12-30,2033.0,1,1.0
947,2017-01-03,1895.0,1,0.0
948,2017-01-04,1670.0,0,1.0
949,2017-01-05,1478.0,1,1.0
950,2017-01-06,1083.0,0,0.0
951,2017-01-09,1126.0,0,0.0
952,2017-01-10,1073.0,0,0.0
953,2017-01-11,1243.0,0,0.0
954,2017-01-12,1189.0,1,1.0
955,2017-01-13,1201.0,1,1.0
956,2017-01-16,1322.0,1,1.0
957,2017-01-17,1314.0,1,1.0
958,2017-01-18,1314.0,1,1.0
959,2017-01-19,1358.0,1,1.0
960,2017-01-20,1333.0,1,1.0
961,2017-01-23,1231.0,1,1.0
962,2017-01-24,1162.0,1,1.0
963,2017-01-25,910.0,1,1.0
964,2017-01-26,1096.0,1,1.0
965,2017-02-03,1053.0,1,1.0
966,2017-02-06,868.0,0,0.0
967,2017-02-07,955.0,0,1.0
968,2017-02-08,1143.0,0,0.0
969,2017-02-09,1204.0,0,0.0
970,2017-02-10,1161.0,0,1.0
971,2017-02-13,1118.0,0,0.0
972,2017-02-14,1032.0,0,1.0
973,2017-02-15,835.0,0,1.0
974,2017-02-16,879.0,1,1.0
975,2017-02-17,1006.0,1,1.0
976,2017-02-20,1091.0,1,1.0
977,2017-02-21,1279.0,1,1.0
978,2017-02-22,1278.0,1,1.0
979,2017-02-23,1250.0,1,0.0
980,2017-02-24,1275.0,1,1.0
981,2017-02-27,1186.0,0,1.0
982,2017-02-28,1091.0,0,1.0
983,2017-03-01,1080.0,0,0.0
984,2017-03-02,1042.0,0,0.0
985,2017-03-03,775.0,0,1.0
986,2017-03-06,948.0,0,1.0
987,2017-03-07,725.0,0,0.0
988,2017-03-08,552.0,0,0.0
989,2017-03-09,735.0,0,1.0
990,2017-03-10,735.0,0,1.0
991,2017-03-13,766.0,0,1.0
992,2017-03-14,843.0,0,1.0
993,2017-03-15,890.0,1,1.0
994,2017-03-16,837.0,0,1.0
995,2017-03-17,646.0,0,1.0
996,2017-03-20,635.0,0,1.0
997,2017-03-21,602.0,0,1.0
998,2017-03-22,746.0,1,1.0
999,2017-03-23,821.0,1,1.0
1000,2017-03-24,699.0,1,1.0
1001,2017-03-27,699.0,1,1.0
1002,2017-03-28,617.0,1,1.0
1003,2017-03-29,678.0,1,1.0
1004,2017-03-30,675.0,1,1.0
1005,2017-03-31,765.0,1,1.0
1006,2017-04-05,675.0,1,1.0
1007,2017-04-06,766.0,1,1.0
1008,2017-04-07,763.0,1,1.0
1009,2017-04-10,771.0,1,1.0
1010,2017-04-11,941.0,1,1.0
1011,2017-04-12,712.0,1,1.0
1012,2017-04-13,710.0,1,0.0
1013,2017-04-14,734.0,1,1.0
1014,2017-04-18,736.0,1,1.0
1015,2017-04-19,381.0,1,1.0
1016,2017-04-20,391.0,1,1.0
1017,2017-04-21,391.0,1,1.0
1018,2017-04-24,274.0,1,1.0
1019,2017-04-25,280.0,0,0.0
1020,2017-04-26,367.0,0,0.0
1021,2017-04-27,278.0,0,0.0
1022,2017-04-28,286.0,0,0.0
1023,2017-05-02,490.0,0,1.0
1024,2017-05-03,450.0,0,0.0
1025,2017-05-04,387.0,1,1.0
1026,2017-05-05,489.0,1,0.0
1027,2017-05-08,490.0,1,1.0
1028,2017-05-09,680.0,1,1.0
1029,2017-05-10,756.0,1,1.0
1030,2017-05-11,705.0,1,0.0
1031,2017-05-12,852.0,1,0.0
1032,2017-05-15,441.0,1,1.0
1033,2017-05-16,-78.0,0,1.0
1034,2017-05-17,-567.0,0,0.0
1035,2017-05-18,145.0,0,0.0
1036,2017-05-19,358.0,0,0.0
1037,2017-05-22,526.0,0,1.0
1038,2017-05-23,494.0,0,1.0
1039,2017-05-24,660.0,0,1.0
1040,2017-05-25,846.0,0,0.0
1041,2017-05-26,805.0,0,1.0
1042,2017-05-31,831.0,0,1.0
1043,2017-06-01,563.0,0,1.0
1044,2017-06-02,851.0,0,0.0
1045,2017-06-05,720.0,0,1.0
1046,2017-06-06,899.0,0,0.0
1047,2017-06-07,933.0,0,1.0
1048,2017-06-08,953.0,0,1.0
1049,2017-06-09,997.0,0,0.0
1050,2017-06-12,869.0,0,0.0
1051,2017-06-13,989.0,0,0.0
1052,2017-06-14,1017.0,1,1.0
1053,2017-06-15,1083.0,1,0.0
1054,2017-06-16,1192.0,1,1.0
1055,2017-06-19,1402.0,0,0.0
1056,2017-06-20,1391.0,0,0.0
1057,2017-06-21,1455.0,0,0.0
1058,2017-06-22,1446.0,0,0.0
1059,2017-06-23,1504.0,0,0.0
1060,2017-06-26,1502.0,0,0.0
1061,2017-06-27,1442.0,0,0.0
1062,2017-06-28,1391.0,0,0.0
1063,2017-06-29,1278.0,1,1.0
1064,2017-06-30,1275.0,1,1.0
1065,2017-07-03,1100.0,1,0.0
1066,2017-07-04,1232.0,1,1.0
1067,2017-07-05,1355.0,1,1.0
1068,2017-07-06,1354.0,1,1.0
1069,2017-07-07,1303.0,1,1.0
1070,2017-07-10,1178.0,1,1.0
1071,2017-07-11,1141.0,1,1.0
1072,2017-07-12,1361.0,1,1.0
1073,2017-07-13,1313.0,0,1.0
1074,2017-07-14,1397.0,0,0.0
1075,2017-07-17,1568.0,0,1.0
1076,2017-07-18,1524.0,0,0.0
1077,2017-07-19,1312.0,0,1.0
1078,2017-07-20,1252.0,0,0.0
1079,2017-07-21,1252.0,0,0.0
1080,2017-07-24,1110.0,0,0.0
1081,2017-07-25,1179.0,1,1.0
1082,2017-07-26,1205.0,1,0.0
1083,2017-07-27,1116.0,1,0.0
1084,2017-07-28,1201.0,1,1.0
1085,2017-07-31,1115.0,1,0.0
1086,2017-08-01,1121.0,1,1.0
1087,2017-08-02,2264.0,1,0.0
1088,2017-08-03,2408.0,1,1.0
1089,2017-08-04,2240.0,1,1.0
1090,2017-08-07,2249.0,1,1.0
1091,2017-08-08,2197.0,1,1.0
1092,2017-08-09,2180.0,0,1.0
1093,2017-08-10,2098.0,0,0.0
1094,2017-08-11,2098.0,0,0.0
1095,2017-08-14,2585.0,1,1.0
1096,2017-08-15,2549.0,0,1.0
1097,2017-08-16,2645.0,1,0.0
1098,2017-08-17,2730.0,1,1.0
1099,2017-08-18,2792.0,0,1.0
1100,2017-08-21,2792.0,1,1.0
1101,2017-08-22,2763.0,1,1.0
1102,2017-08-23,2722.0,1,1.0
1103,2017-08-24,2689.0,1,1.0
1104,2017-08-25,2536.0,1,1.0
1105,2017-08-29,2371.0,1,1.0
1106,2017-08-30,2366.0,1,1.0
1107,2017-08-31,2330.0,1,1.0
1108,2017-09-01,2230.0,1,1.0
1109,2017-09-04,2367.0,1,1.0
1110,2017-09-05,2211.0,0,1.0
1111,2017-09-06,2216.0,0,1.0
1112,2017-09-07,1759.0,0,1.0
1113,2017-09-08,1826.0,0,0.0
1114,2017-09-11,1876.0,1,1.0
1115,2017-09-12,1819.0,0,0.0
1116,2017-09-13,2205.0,0,1.0
1117,2017-09-14,2702.0,0,1.0
1118,2017-09-15,2707.0,1,1.0
1119,2017-09-18,2710.0,1,1.0
1120,2017-09-19,2744.0,0,0.0
1121,2017-09-20,2618.0,0,0.0
1122,2017-09-21,2676.0,0,0.0
1123,2017-09-22,2653.0,0,0.0
1124,2017-09-25,2815.0,0,0.0
1125,2017-09-26,2802.0,0,0.0
1126,2017-09-27,2638.0,0,0.0
1127,2017-09-28,2774.0,0,0.0
1128,2017-09-29,2794.0,1,1.0
1129,2017-10-09,2748.0,1,1.0
1130,2017-10-10,2992.0,0,0.0
1131,2017-10-11,2992.0,0,0.0
1132,2017-10-12,2992.0,0,0.0
1133,2017-10-13,3006.0,0,0.0
1134,2017-10-16,3159.0,0,1.0
1135,2017-10-17,3057.0,0,0.0
1136,2017-10-18,3188.0,0,1.0
1137,2017-10-19,3157.0,0,1.0
1138,2017-10-20,3156.0,0,1.0
1139,2017-10-23,3196.0,1,1.0
1140,2017-10-24,3180.0,1,1.0
1141,2017-10-25,2739.0,1,1.0
1142,2017-10-26,2762.0,1,1.0
1143,2017-10-27,2786.0,1,1.0
1144,2017-10-30,2954.0,1,0.0
1145,2017-10-31,2960.0,1,0.0
1146,2017-11-01,2887.0,1,1.0
1147,2017-11-02,2874.0,1,1.0
1148,2017-11-03,2917.0,1,1.0
1149,2017-11-06,2800.0,0,0.0
1150,2017-11-07,2850.0,0,0.0
1151,2017-11-08,2816.0,0,0.0
1152,2017-11-09,2908.0,0,1.0
1153,2017-11-10,2820.0,0,0.0
1154,2017-11-13,2859.0,0,0.0
1155,2017-11-14,2770.0,0,0.0
1156,2017-11-15,2816.0,0,0.0
1157,2017-11-16,2849.0,0,0.0
1158,2017-11-17,2833.0,1,1.0
1159,2017-11-20,2743.0,1,1.0
1160,2017-11-21,2693.0,1,1.0
1161,2017-11-22,2512.0,1,0.0
1162,2017-11-23,2536.0,1,1.0
1163,2017-11-24,2389.0,1,1.0
1164,2017-11-27,2373.0,1,1.0
1165,2017-11-28,2250.0,1,1.0
1166,2017-11-29,2339.0,1,1.0
1167,2017-11-30,2222.0,1,1.0
1168,2017-12-01,2009.0,0,0.0
1169,2017-12-04,2028.0,0,1.0
1170,2017-12-05,1947.0,0,0.0
1171,2017-12-06,2063.0,0,0.0
1172,2017-12-07,2058.0,0,0.0
1173,2017-12-08,2016.0,0,0.0
1174,2017-12-11,1771.0,0,0.0
1175,2017-12-12,1849.0,0,0.0
1176,2017-12-13,1956.0,0,0.0
1177,2017-12-14,1950.0,0,0.0
1178,2017-12-15,1732.0,1,1.0
1179,2017-12-18,1529.0,0,0.0
1180,2017-12-19,1406.0,0,0.0
1181,2017-12-20,1517.0,1,1.0
1182,2017-12-21,1547.0,1,0.0
1183,2017-12-22,1416.0,1,1.0
1184,2017-12-27,1011.0,1,0.0
1185,2017-12-28,2395.0,1,1.0
1186,2017-12-29,831.0,1,1.0
1187,2018-01-02,825.0,1,1.0
1188,2018-01-03,909.0,1,1.0
1189,2018-01-04,1071.0,1,0.0
1190,2018-01-05,981.0,1,0.0
1191,2018-01-08,786.0,0,0.0
1192,2018-01-09,983.0,1,0.0
1193,2018-01-10,957.0,1,1.0
1194,2018-01-11,916.0,1,1.0
1195,2018-01-12,704.0,1,0.0
1196,2018-01-15,216.0,1,1.0
1197,2018-01-16,381.0,1,1.0
1198,2018-01-17,382.0,1,1.0
1199,2018-01-18,422.0,1,0.0
1200,2018-01-19,302.0,0,0.0
1201,2018-01-22,224.0,0,0.0
1202,2018-01-23,123.0,0,1.0
1203,2018-01-24,128.0,0,0.0
1204,2018-01-25,335.0,0,0.0
1205,2018-01-26,342.0,0,0.0
1206,2018-01-29,422.0,0,0.0
1207,2018-01-30,674.0,0,1.0
1208,2018-01-31,1007.0,0,1.0
1209,2018-02-01,1212.0,0,0.0
1210,2018-02-02,1547.0,0,0.0
1211,2018-02-05,1357.0,0,1.0
1212,2018-02-06,1508.0,0,1.0
1213,2018-02-07,1635.0,1,1.0
1214,2018-02-08,1672.0,1,1.0
1215,2018-02-09,1712.0,1,1.0
1216,2018-02-12,1601.0,1,1.0
1217,2018-02-13,1570.0,1,0.0
1218,2018-02-14,1599.0,1,1.0
1219,2018-02-22,1600.0,1,1.0
1220,2018-02-23,1147.0,1,1.0
1221,2018-02-26,1305.0,1,1.0
1222,2018-02-27,998.0,0,0.0
1223,2018-02-28,886.0,1,1.0
1224,2018-03-01,904.0,0,1.0
1225,2018-03-02,1042.0,0,0.0
1226,2018-03-05,1231.0,0,1.0
1227,2018-03-06,1193.0,0,0.0
1228,2018-03-07,704.0,0,0.0
1229,2018-03-08,1129.0,0,0.0
1230,2018-03-09,1088.0,0,0.0
1231,2018-03-12,755.0,0,0.0
1232,2018-03-13,834.0,0,0.0
1233,2018-03-14,1037.0,0,0.0
1234,2018-03-15,1075.0,1,0.0
1235,2018-03-16,987.0,1,0.0
1236,2018-03-19,976.0,1,1.0
1237,2018-03-20,1081.0,1,0.0
1238,2018-03-21,1281.0,1,1.0
1239,2018-03-22,1009.0,1,1.0
1240,2018-03-23,1086.0,1,0.0
1241,2018-03-26,1136.0,1,1.0
1242,2018-03-27,1204.0,0,0.0
1243,2018-03-28,1193.0,0,0.0
1244,2018-03-29,1121.0,1,1.0
1245,2018-04-03,1306.0,1,1.0
1246,2018-04-04,1198.0,1,0.0
1247,2018-04-09,1033.0,1,1.0
1248,2018-04-10,883.0,1,1.0
1249,2018-04-11,828.0,1,1.0
1250,2018-04-12,758.0,1,1.0
1251,2018-04-13,718.0,1,1.0
1252,2018-04-16,722.0,0,1.0
1253,2018-04-17,768.0,1,1.0
1254,2018-04-18,798.0,1,1.0
1255,2018-04-19,835.0,1,1.0
1256,2018-04-20,913.0,1,1.0
1257,2018-04-23,875.0,1,1.0
1258,2018-04-24,582.0,1,1.0
1259,2018-04-25,660.0,1,1.0
1260,2018-04-26,1045.0,1,1.0
1261,2018-04-27,648.0,1,1.0
1262,2018-05-02,611.0,1,1.0
1263,2018-05-03,774.0,1,1.0
1264,2018-05-04,746.0,1,1.0
1265,2018-05-08,788.0,1,1.0
1266,2018-05-09,611.0,1,1.0
1267,2018-05-10,723.0,1,1.0
1268,2018-05-11,670.0,1,1.0
1269,2018-05-14,871.0,1,0.0
1270,2018-05-15,884.0,1,1.0
1271,2018-05-16,1044.0,1,1.0
1272,2018-05-17,1055.0,1,1.0
1273,2018-05-18,1096.0,1,1.0
1274,2018-05-21,1019.0,1,1.0
1275,2018-05-22,889.0,1,1.0
1276,2018-05-23,839.0,1,1.0
1277,2018-05-24,1090.0,1,1.0
1278,2018-05-25,1148.0,0,1.0
1279,2018-05-29,1102.0,0,0.0
1280,2018-05-30,923.0,0,0.0
1281,2018-05-31,564.0,0,1.0
1282,2018-06-01,894.0,0,0.0
1283,2018-06-04,687.0,0,0.0
1284,2018-06-05,827.0,0,1.0
1285,2018-06-06,1005.0,0,1.0
1286,2018-06-07,1101.0,0,0.0
1287,2018-06-08,664.0,0,1.0
1288,2018-06-11,291.0,0,0.0
1289,2018-06-12,240.0,0,0.0
1290,2018-06-13,348.0,0,0.0
1291,2018-06-14,181.0,0,1.0
1292,2018-06-15,218.0,0,0.0
1293,2018-06-19,218.0,0,0.0
1294,2018-06-20,928.0,0,0.0
1295,2018-06-21,1527.0,0,0.0
1296,2018-06-22,1448.0,0,0.0
1297,2018-06-25,1407.0,0,0.0
1298,2018-06-26,1233.0,0,0.0
1299,2018-06-27,1251.0,0,0.0
1300,2018-06-28,1327.0,0,1.0
1301,2018-06-29,1286.0,0,1.0
1302,2018-07-02,1435.0,0,0.0
1303,2018-07-03,1158.0,1,1.0
1304,2018-07-04,1276.0,1,1.0
1305,2018-07-05,1274.0,1,1.0
1306,2018-07-06,1258.0,1,1.0
1307,2018-07-09,1322.0,1,1.0
1308,2018-07-10,903.0,1,1.0
1309,2018-07-11,738.0,1,1.0
1310,2018-07-12,602.0,1,1.0
1311,2018-07-13,917.0,0,1.0
1312,2018-07-16,277.0,1,0.0
1313,2018-07-17,392.0,0,1.0
1314,2018-07-18,392.0,1,1.0
1315,2018-07-19,307.0,1,0.0
1316,2018-07-20,346.0,1,1.0
1317,2018-07-23,426.0,1,0.0
1318,2018-07-24,505.0,1,1.0
1319,2018-07-25,539.0,1,1.0
1320,2018-07-26,537.0,1,1.0
1321,2018-07-27,346.0,1,1.0
1322,2018-07-30,356.0,1,0.0
1323,2018-07-31,356.0,1,0.0
1324,2018-08-01,244.0,1,0.0
1325,2018-08-02,-447.0,1,1.0
1326,2018-08-03,-220.0,1,0.0
1327,2018-08-06,-302.0,0,0.0
1328,2018-08-07,-175.0,0,1.0
1329,2018-08-08,-215.0,0,0.0
1330,2018-08-09,-124.0,0,0.0
1331,2018-08-10,2.0,0,0.0
1332,2018-08-13,2.0,0,0.0
1333,2018-08-14,340.0,0,0.0
1334,2018-08-15,752.0,0,0.0
1335,2018-08-16,732.0,1,1.0
1336,2018-08-17,1088.0,1,0.0
1337,2018-08-20,918.0,1,1.0
1338,2018-08-21,983.0,0,0.0
1339,2018-08-22,786.0,0,0.0
1340,2018-08-23,707.0,0,0.0
1341,2018-08-24,863.0,0,0.0
1342,2018-08-28,984.0,0,0.0
1343,2018-08-29,728.0,0,0.0
1344,2018-08-30,686.0,0,1.0
1345,2018-08-31,794.0,0,1.0
1346,2018-09-03,876.0,0,1.0
1347,2018-09-04,435.0,0,0.0
1348,2018-09-05,436.0,0,0.0
1349,2018-09-06,373.0,0,0.0
1350,2018-09-07,545.0,0,0.0
1351,2018-09-10,644.0,0,1.0
1352,2018-09-11,528.0,0,1.0
1353,2018-09-12,238.0,0,0.0
1354,2018-09-13,415.0,0,0.0
1355,2018-09-14,460.0,0,0.0
1356,2018-09-17,640.0,0,1.0
1357,2018-09-18,611.0,0,1.0
1358,2018-09-19,698.0,0,1.0
1359,2018-09-20,1141.0,0,1.0
1360,2018-09-21,1112.0,0,0.0
1361,2018-09-25,1144.0,0,0.0
1362,2018-09-26,1147.0,0,1.0
1363,2018-09-27,1076.0,0,0.0
1364,2018-09-28,1131.0,0,0.0
1365,2018-10-08,1204.0,0,0.0
1366,2018-10-09,1400.0,0,0.0
1367,2018-10-10,1154.0,0,1.0
1368,2018-10-11,1211.0,0,0.0
1369,2018-10-12,1235.0,1,0.0
1370,2018-10-15,1185.0,0,1.0
1371,2018-10-16,922.0,0,0.0
1372,2018-10-17,851.0,0,0.0
1373,2018-10-18,871.0,0,0.0
1374,2018-10-19,927.0,0,0.0
1375,2018-10-22,912.0,0,1.0
1376,2018-10-23,893.0,0,0.0
1377,2018-10-24,545.0,0,0.0
1378,2018-10-25,707.0,0,0.0
1379,2018-10-26,1025.0,0,1.0
1380,2018-10-29,921.0,0,1.0
1381,2018-10-30,721.0,1,1.0
1382,2018-10-31,865.0,1,1.0
1383,2018-11-01,897.0,0,0.0
1384,2018-11-02,754.0,0,0.0
1385,2018-11-05,339.0,0,0.0
1386,2018-11-06,381.0,0,1.0
1387,2018-11-07,349.0,0,0.0
1388,2018-11-08,594.0,1,1.0
1389,2018-11-09,317.0,0,1.0
1390,2018-11-12,317.0,1,1.0
1391,2018-11-13,478.0,1,1.0
1392,2018-11-14,700.0,1,1.0
1393,2018-11-15,774.0,1,1.0
1394,2018-11-16,646.0,1,1.0
1395,2018-11-19,643.0,1,1.0
1396,2018-11-20,634.0,1,1.0
1397,2018-11-21,656.0,1,1.0
1398,2018-11-22,744.0,0,1.0
1399,2018-11-23,492.0,0,1.0
1400,2018-11-26,492.0,1,1.0
1401,2018-11-27,727.0,1,0.0
1402,2018-11-28,476.0,1,1.0
1403,2018-11-29,567.0,1,1.0
1404,2018-11-30,405.0,1,1.0
1405,2018-12-03,441.0,1,1.0
1406,2018-12-04,324.0,1,1.0
1407,2018-12-05,156.0,1,1.0
1408,2018-12-06,156.0,1,1.0
1409,2018-12-07,-88.0,1,1.0
1410,2018-12-10,226.0,0,0.0
1411,2018-12-11,13.0,0,0.0
1412,2018-12-12,59.0,0,1.0
1413,2018-12-13,49.0,0,1.0
1414,2018-12-14,58.0,0,1.0
1415,2018-12-17,149.0,0,0.0
1416,2018-12-18,136.0,0,0.0
1417,2018-12-19,307.0,0,0.0
1418,2018-12-20,436.0,0,0.0
1419,2018-12-21,610.0,0,1.0
1420,2018-12-24,894.0,0,0.0
1421,2018-12-27,1196.0,1,1.0
1422,2018-12-28,1120.0,1,1.0
1423,2019-01-02,1357.0,1,1.0
1424,2019-01-03,1408.0,1,0.0
1425,2019-01-04,1605.0,1,0.0
1426,2019-01-07,1586.0,1,0.0
1427,2019-01-08,1281.0,1,1.0
1428,2019-01-09,1218.0,1,0.0
1429,2019-01-10,1366.0,1,1.0
1430,2019-01-11,1109.0,0,0.0
1431,2019-01-14,1153.0,1,1.0
1432,2019-01-15,1200.0,1,0.0
1433,2019-01-16,1152.0,1,1.0
1434,2019-01-17,1259.0,1,1.0
1435,2019-01-18,1098.0,0,1.0
1436,2019-01-21,969.0,1,1.0
1437,2019-01-22,1074.0,0,0.0
1438,2019-01-23,1095.0,1,1.0
1439,2019-01-24,1228.0,1,1.0
1440,2019-01-25,1161.0,1,1.0
1441,2019-01-28,1239.0,0,0.0
1442,2019-01-29,1069.0,0,0.0
1443,2019-01-30,1112.0,0,0.0
1444,2019-01-31,1078.0,0,0.0
1445,2019-02-01,1054.0,1,1.0
1446,2019-02-11,1307.0,1,1.0
1447,2019-02-12,1633.0,1,1.0
1448,2019-02-13,1950.0,1,0.0
1449,2019-02-14,2033.0,1,1.0
1450,2019-02-15,1989.0,1,1.0
1451,2019-02-18,1929.0,1,0.0
1452,2019-02-19,1911.0,1,1.0
1453,2019-02-20,1908.0,0,0.0
1454,2019-02-21,1866.0,0,0.0
1455,2019-02-22,1874.0,0,1.0
1456,2019-02-25,1556.0,0,0.0
1457,2019-02-26,1735.0,1,0.0
1458,2019-02-27,1760.0,1,1.0
1459,2019-02-28,1927.0,0,0.0
1460,2019-03-01,1885.0,0,1.0
1461,2019-03-04,1813.0,0,0.0
1462,2019-03-05,1643.0,0,0.0
1463,2019-03-06,1906.0,0,0.0
1464,2019-03-07,1657.0,0,1.0
1465,2019-03-08,1734.0,0,0.0
1466,2019-03-11,1904.0,1,0.0
1467,2019-03-12,1828.0,1,1.0
1468,2019-03-13,1861.0,1,0.0
1469,2019-03-14,1408.0,0,0.0
1470,2019-03-15,1581.0,0,0.0
1471,2019-03-18,1643.0,0,0.0
1472,2019-03-19,1439.0,0,0.0
1473,2019-03-20,1482.0,0,0.0
1474,2019-03-21,1400.0,0,0.0
1475,2019-03-22,1408.0,0,0.0
1476,2019-03-25,1122.0,1,1.0
1477,2019-03-26,1228.0,1,1.0
1478,2019-03-27,1021.0,1,1.0
1479,2019-03-28,980.0,1,0.0
1480,2019-03-29,1156.0,1,1.0
1481,2019-04-01,1312.0,1,1.0
1482,2019-04-02,1252.0,1,0.0
1483,2019-04-03,1277.0,1,1.0
1484,2019-04-04,1278.0,1,1.0
1485,2019-04-08,1322.0,1,1.0
1486,2019-04-09,1138.0,1,1.0
1487,2019-04-10,1051.0,1,1.0
1488,2019-04-11,1160.0,0,1.0
1489,2019-04-12,1242.0,0,0.0
1490,2019-04-15,1324.0,0,1.0
1491,2019-04-16,1171.0,0,1.0
1492,2019-04-17,1422.0,0,0.0
1493,2019-04-18,1179.0,0,1.0
1494,2019-04-23,1100.0,0,0.0
1495,2019-04-24,1216.0,0,0.0
1496,2019-04-25,1302.0,0,1.0
1497,2019-04-26,1404.0,0,0.0
1498,2019-04-29,1200.0,0,0.0
1499,2019-04-30,1270.0,0,0.0
1500,2019-05-06,1348.0,0,1.0
1501,2019-05-07,1587.0,0,0.0
1502,2019-05-08,1870.0,0,0.0
1503,2019-05-09,1930.0,0,0.0
1504,2019-05-10,2060.0,0,0.0
1505,2019-05-13,2244.0,0,0.0
1506,2019-05-14,2422.0,0,0.0
1507,2019-05-15,2745.0,0,0.0
1508,2019-05-16,2393.0,0,1.0
1509,2019-05-17,2252.0,0,0.0
1510,2019-05-20,2163.0,0,0.0
1511,2019-05-21,2240.0,0,1.0
1512,2019-05-22,1825.0,0,0.0
1513,2019-05-23,1838.0,0,0.0
1514,2019-05-24,1840.0,0,0.0
1515,2019-05-28,1635.0,0,1.0
1516,2019-05-29,1448.0,0,0.0
1517,2019-05-30,1261.0,0,1.0
1518,2019-05-31,1335.0,0,1.0
1519,2019-06-03,1294.0,0,1.0
1520,2019-06-04,1140.0,1,1.0
1521,2019-06-05,836.0,1,1.0
1522,2019-06-06,801.0,1,1.0
1523,2019-06-10,630.0,1,1.0
1524,2019-06-11,1099.0,1,1.0
1525,2019-06-12,1004.0,1,1.0
1526,2019-06-13,1066.0,1,0.0
1527,2019-06-14,907.0,1,1.0
1528,2019-06-17,900.0,1,1.0
1529,2019-06-18,1031.0,1,1.0
1530,2019-06-19,1039.0,1,0.0
1531,2019-06-20,957.0,1,1.0
1532,2019-06-21,938.0,1,1.0
1533,2019-06-24,1151.0,1,1.0
1534,2019-06-25,1226.0,1,1.0
1535,2019-06-26,1227.0,1,1.0
1536,2019-06-27,1222.0,0,0.0
1537,2019-06-28,1126.0,0,0.0
1538,2019-07-01,1160.0,0,1.0
1539,2019-07-02,1115.0,0,0.0
1540,2019-07-03,1116.0,0,0.0
1541,2019-07-04,993.0,0,0.0
1542,2019-07-05,988.0,0,0.0
1543,2019-07-08,985.0,0,0.0
1544,2019-07-09,1084.0,0,0.0
1545,2019-07-10,1279.0,0,1.0
1546,2019-07-11,1564.0,1,1.0
1547,2019-07-12,1480.0,0,0.0
1548,2019-07-15,1585.0,1,1.0
1549,2019-07-16,1643.0,1,0.0
1550,2019-07-17,1417.0,1,1.0
1551,2019-07-18,1480.0,1,0.0
1552,2019-07-19,1563.0,1,1.0
1553,2019-07-22,1628.0,1,1.0
1554,2019-07-23,1419.0,0,0.0
1555,2019-07-24,1415.0,0,0.0
1556,2019-07-25,1338.0,0,1.0
1557,2019-07-26,1254.0,0,0.0
1558,2019-07-29,1256.0,0,0.0
1559,2019-07-30,1189.0,0,1.0
1560,2019-07-31,1228.0,0,1.0
1561,2019-08-01,1352.0,0,1.0
1562,2019-08-02,1370.0,0,0.0
1563,2019-08-05,1605.0,1,0.0
1564,2019-08-06,1950.0,1,0.0
1565,2019-08-07,1770.0,1,1.0
1566,2019-08-08,1678.0,1,1.0
1567,2019-08-09,1655.0,1,1.0
1568,2019-08-12,1531.0,0,0.0
1569,2019-08-13,1640.0,1,1.0
1570,2019-08-14,1757.0,1,1.0
1571,2019-08-15,1540.0,0,0.0
1572,2019-08-16,1536.0,0,0.0
1573,2019-08-19,1533.0,0,0.0
1574,2019-08-20,1444.0,0,0.0
1575,2019-08-21,1582.0,0,0.0
1576,2019-08-22,1582.0,0,0.0
1577,2019-08-23,1450.0,0,0.0
1578,2019-08-27,1600.0,1,1.0
1579,2019-08-28,1303.0,1,1.0
1580,2019-08-29,1227.0,1,1.0
1581,2019-09-02,1074.0,1,0.0
1582,2019-09-03,791.0,1,1.0
1583,2019-09-04,740.0,1,1.0
1584,2019-09-05,902.0,1,1.0
1585,2019-09-06,833.0,1,1.0
1586,2019-09-09,704.0,0,0.0
1587,2019-09-10,826.0,1,1.0
1588,2019-09-11,749.0,0,0.0
1589,2019-09-12,709.0,0,0.0
1590,2019-09-16,712.0,0,1.0
1591,2019-09-17,261.0,0,0.0
1592,2019-09-18,348.0,0,0.0
1593,2019-09-19,527.0,0,1.0
1594,2019-09-20,625.0,0,1.0
1595,2019-09-23,657.0,0,1.0
1596,2019-09-24,623.0,0,1.0
1597,2019-09-25,526.0,0,1.0
1598,2019-09-26,561.0,1,1.0
1599,2019-09-27,480.0,1,1.0
1600,2019-09-30,450.0,1,0.0
1601,2019-10-08,135.0,1,0.0
1602,2019-10-09,-1.0,1,0.0
1603,2019-10-10,106.0,1,1.0
1604,2019-10-11,-17.0,1,1.0
1605,2019-10-14,112.0,1,1.0
1606,2019-10-15,-192.0,0,0.0
1607,2019-10-16,63.0,1,1.0
1608,2019-10-17,-137.0,1,1.0
1609,2019-10-18,-311.0,1,1.0
1610,2019-10-21,-385.0,1,1.0
1611,2019-10-22,-417.0,1,1.0
1612,2019-10-23,-331.0,1,1.0
1613,2019-10-24,-325.0,1,1.0
1614,2019-10-25,-369.0,1,1.0
1615,2019-10-28,-326.0,1,1.0
1616,2019-10-29,-360.0,1,1.0
1617,2019-10-30,-332.0,0,1.0
1618,2019-10-31,-272.0,0,0.0
1619,2019-11-01,-352.0,0,1.0
1620,2019-11-05,-121.0,0,0.0
1621,2019-11-06,-13.0,0,0.0
1622,2019-11-07,-21.0,0,1.0
1623,2019-11-08,22.0,0,1.0
1624,2019-11-11,-100.0,0,0.0
1625,2019-11-12,-193.0,0,0.0
1626,2019-11-13,-21.0,0,1.0
1627,2019-11-14,-90.0,0,0.0
1628,2019-11-15,17.0,1,1.0
1629,2019-11-18,17.0,1,1.0
1630,2019-11-19,-63.0,1,1.0
1631,2019-11-20,23.0,1,1.0
1632,2019-11-21,113.0,1,1.0
1633,2019-11-22,252.0,1,1.0
1634,2019-11-25,273.0,1,1.0
1635,2019-11-26,126.0,1,0.0
1636,2019-11-27,0.0,0,0.0
1637,2019-11-28,5.0,0,0.0
1638,2019-11-29,3.0,0,0.0
1639,2019-12-02,15.0,0,0.0
1640,2019-12-03,190.0,1,0.0
1641,2019-12-04,225.0,1,0.0
1642,2019-12-05,325.0,1,1.0
1643,2019-12-06,213.0,1,1.0
1644,2019-12-09,275.0,1,1.0
1645,2019-12-10,59.0,1,1.0
1646,2019-12-11,156.0,1,1.0
1647,2019-12-12,70.0,1,1.0
1648,2019-12-13,77.0,1,1.0
1649,2019-12-16,-70.0,1,1.0
1650,2019-12-17,24.0,1,1.0
1651,2019-12-18,-10.0,1,0.0
1652,2019-12-19,91.0,1,1.0
1653,2019-12-20,62.0,1,1.0
1654,2019-12-23,-57.0,1,1.0
1655,2019-12-24,-127.0,1,1.0
1656,2019-12-27,-201.0,1,0.0
1657,2019-12-30,-179.0,1,1.0
1658,2019-12-31,-130.0,1,1.0
1659,2020-01-02,-164.0,1,1.0
1660,2020-01-03,181.0,1,1.0
1661,2020-01-06,157.0,0,1.0
1662,2020-01-07,244.0,0,0.0
1663,2020-01-08,170.0,0,0.0
1664,2020-01-09,276.0,0,0.0
1665,2020-01-10,285.0,0,0.0
1666,2020-01-13,174.0,0,0.0
1667,2020-01-14,78.0,0,0.0
1668,2020-01-15,177.0,0,1.0
1669,2020-01-16,130.0,0,0.0
1670,2020-01-17,237.0,0,0.0
1671,2020-01-20,234.0,0,0.0
1672,2020-01-21,82.0,0,0.0
1673,2020-01-22,93.0,0,0.0
1674,2020-01-23,348.0,0,0.0
1675,2020-02-03,14.0,0,0.0
1676,2020-02-04,585.0,1,1.0
1677,2020-02-05,530.0,1,1.0
1678,2020-02-06,441.0,1,1.0
1679,2020-02-07,441.0,1,1.0
1680,2020-02-10,372.0,1,1.0
1681,2020-02-11,413.0,1,1.0
1682,2020-02-12,339.0,1,0.0
1683,2020-02-13,346.0,0,1.0
1684,2020-02-14,237.0,0,0.0
1685,2020-02-17,312.0,0,0.0
1686,2020-02-18,356.0,0,0.0
1687,2020-02-19,412.0,0,1.0
1688,2020-02-20,309.0,0,0.0
1689,2020-02-21,188.0,0,0.0
1690,2020-02-24,248.0,0,0.0
1691,2020-02-25,284.0,0,0.0
1692,2020-02-26,417.0,0,0.0
1693,2020-02-27,602.0,0,1.0
1694,2020-02-28,709.0,0,0.0
1695,2020-03-02,956.0,1,1.0
1696,2020-03-03,725.0,0,0.0
1697,2020-03-04,484.0,0,0.0
1698,2020-03-05,549.0,0,0.0
1699,2020-03-06,498.0,0,1.0
1700,2020-03-09,460.0,0,0.0
1701,2020-03-10,294.0,0,0.0
1702,2020-03-11,428.0,0,0.0
1703,2020-03-12,459.0,0,0.0
1704,2020-03-13,416.0,0,0.0
1705,2020-03-16,580.0,0,1.0
1706,2020-03-17,293.0,0,0.0
1707,2020-03-18,451.0,0,0.0
1708,2020-03-19,570.0,0,1.0
1709,2020-03-20,707.0,0,0.0
1710,2020-03-23,589.0,0,1.0
1711,2020-03-24,508.0,1,1.0
1712,2020-03-25,530.0,1,1.0
1713,2020-03-26,238.0,1,0.0
1714,2020-03-27,325.0,1,1.0
1715,2020-03-30,528.0,1,1.0
1716,2020-03-31,686.0,1,1.0
1717,2020-04-01,543.0,1,1.0
1718,2020-04-02,506.0,1,1.0
1719,2020-04-03,809.0,1,1.0
1720,2020-04-07,524.0,1,1.0
1721,2020-04-08,169.0,0,0.0
1722,2020-04-09,279.0,0,0.0
1723,2020-04-14,162.0,1,1.0
1724,2020-04-15,449.0,1,1.0
1725,2020-04-16,442.0,1,1.0
1726,2020-04-17,528.0,1,1.0
1727,2020-04-20,502.0,1,1.0
1728,2020-04-21,502.0,1,1.0
1729,2020-04-22,373.0,1,0.0
1730,2020-04-23,400.0,1,1.0
1731,2020-04-24,-61.0,0,1.0
1732,2020-04-27,55.0,1,1.0
1733,2020-04-28,180.0,1,1.0
1734,2020-04-29,250.0,1,1.0
1735,2020-04-30,95.0,1,1.0
1736,2020-05-06,-49.0,1,1.0
1737,2020-05-07,541.0,1,1.0
1738,2020-05-11,269.0,1,1.0
1739,2020-05-12,203.0,0,0.0
1740,2020-05-13,158.0,1,1.0
1741,2020-05-14,-62.0,1,1.0
1742,2020-05-15,55.0,1,1.0
1743,2020-05-19,-13.0,0,0.0
1744,2020-05-20,78.0,0,0.0
1745,2020-05-21,-42.0,0,0.0
1746,2020-05-22,264.0,0,0.0
1747,2020-05-26,398.0,1,1.0
1748,2020-05-27,414.0,1,1.0
1749,2020-05-28,346.0,1,1.0
1750,2020-05-29,346.0,1,1.0
1751,2020-06-01,424.0,1,0.0
1752,2020-06-02,324.0,1,1.0
1753,2020-06-03,-55.0,1,1.0
1754,2020-06-04,10.0,0,0.0
1755,2020-06-05,26.0,1,1.0
1756,2020-06-08,107.0,0,1.0
1757,2020-06-09,-114.0,0,0.0
1758,2020-06-10,157.0,0,1.0
1759,2020-06-11,202.0,0,0.0
1760,2020-06-12,202.0,0,0.0
1761,2020-06-15,276.0,0,0.0
1762,2020-06-16,219.0,0,0.0
1763,2020-06-17,298.0,0,0.0
1764,2020-06-18,135.0,0,0.0
1765,2020-06-19,-30.0,1,1.0
1766,2020-06-22,67.0,1,1.0
1767,2020-06-23,38.0,1,1.0
1768,2020-06-24,-15.0,1,1.0
1769,2020-06-29,15.0,1,0.0
1770,2020-06-30,-38.0,1,1.0
1771,2020-07-01,-35.0,1,1.0
1772,2020-07-02,-154.0,1,1.0
1773,2020-07-03,-386.0,1,1.0
1774,2020-07-06,-358.0,1,1.0
1775,2020-07-07,-265.0,0,0.0
1776,2020-07-08,-116.0,0,0.0
1777,2020-07-09,-73.0,1,1.0
1778,2020-07-10,-190.0,0,0.0
1779,2020-07-13,-58.0,1,1.0
1780,2020-07-14,-93.0,0,0.0
1781,2020-07-15,97.0,1,1.0
1782,2020-07-16,185.0,0,0.0
1783,2020-07-17,284.0,1,0.0
1784,2020-07-20,232.0,1,0.0
1785,2020-07-21,360.0,1,1.0
1786,2020-07-22,240.0,0,0.0
1787,2020-07-23,349.0,0,0.0
1788,2020-07-24,485.0,0,0.0
1789,2020-07-27,549.0,1,0.0
1790,2020-07-28,783.0,1,1.0
1791,2020-07-29,592.0,1,1.0
1792,2020-07-30,595.0,1,1.0
1793,2020-07-31,520.0,1,1.0
1794,2020-08-03,328.0,1,1.0
1795,2020-08-04,268.0,1,1.0
1796,2020-08-05,185.0,1,0.0
1797,2020-08-06,214.0,1,1.0
1798,2020-08-07,129.0,1,0.0
1799,2020-08-10,107.0,1,1.0
1800,2020-08-11,554.0,1,1.0
1801,2020-08-12,480.0,1,1.0
1802,2020-08-13,395.0,1,1.0
1803,2020-08-14,623.0,1,1.0
1804,2020-08-17,492.0,1,1.0
1805,2020-08-18,518.0,1,1.0
1806,2020-08-19,538.0,1,1.0
1807,2020-08-20,605.0,1,1.0
1808,2020-08-21,477.0,1,1.0
1809,2020-08-24,349.0,1,0.0
1810,2020-08-25,424.0,0,0.0
1811,2020-08-26,252.0,0,1.0
1812,2020-08-27,333.0,0,1.0
1813,2020-08-28,341.0,0,0.0
1814,2020-09-01,421.0,0,0.0
1815,2020-09-02,678.0,0,1.0
1816,2020-09-03,694.0,0,0.0
1817,2020-09-04,806.0,0,1.0
1818,2020-09-07,896.0,0,0.0
1819,2020-09-08,760.0,0,1.0
1820,2020-09-09,755.0,0,0.0
1821,2020-09-10,879.0,1,1.0
1822,2020-09-11,699.0,1,1.0
1823,2020-09-14,601.0,1,1.0
1824,2020-09-15,614.0,1,1.0
1825,2020-09-16,379.0,0,0.0
1826,2020-09-17,530.0,1,1.0
1827,2020-09-18,545.0,0,0.0
1828,2020-09-21,659.0,1,1.0
1829,2020-09-22,696.0,1,1.0
1830,2020-09-23,780.0,1,1.0
1831,2020-09-24,778.0,1,1.0
1832,2020-09-25,820.0,1,1.0
1833,2020-09-28,791.0,1,1.0
1834,2020-09-29,674.0,1,1.0
1835,2020-10-09,717.0,1,1.0
1836,2020-10-12,755.0,1,0.0
1837,2020-10-13,1368.0,1,1.0
1838,2020-10-14,1451.0,1,0.0
1839,2020-10-15,1540.0,1,0.0
1840,2020-10-16,1843.0,1,0.0
1841,2020-10-19,1933.0,1,0.0
1842,2020-10-20,2312.0,0,0.0
1843,2020-10-21,2081.0,0,0.0
1844,2020-10-22,1972.0,0,1.0
1845,2020-10-23,1793.0,0,0.0
1846,2020-10-26,1645.0,1,1.0
1847,2020-10-27,1695.0,0,0.0
1848,2020-10-28,1539.0,0,0.0
1849,2020-10-29,1534.0,0,0.0
1850,2020-10-30,1774.0,0,0.0
1851,2020-11-02,1774.0,0,0.0
1852,2020-11-03,2123.0,0,1.0
1853,2020-11-04,2144.0,0,1.0
1854,2020-11-05,1905.0,0,0.0
1855,2020-11-06,1913.0,0,0.0
1856,2020-11-09,1911.0,1,1.0
1857,2020-11-10,1908.0,1,0.0
1858,2020-11-11,1662.0,1,1.0
1859,2020-11-12,1671.0,1,1.0
1860,2020-11-13,1765.0,1,1.0
1861,2020-11-16,1870.0,1,0.0
1862,2020-11-17,1882.0,1,1.0
1863,2020-11-18,1664.0,1,1.0
1864,2020-11-19,1673.0,1,1.0
1865,2020-11-20,1584.0,1,1.0
1866,2020-11-23,1705.0,1,1.0
1867,2020-11-24,1495.0,0,0.0
1868,2020-11-25,1398.0,0,0.0
1869,2020-11-26,1512.0,1,1.0
1870,2020-11-27,1587.0,1,0.0
1871,2020-11-30,1582.0,0,0.0
1872,2020-12-01,1517.0,1,1.0
1873,2020-12-02,1846.0,1,0.0
1874,2020-12-03,1830.0,1,1.0
1875,2020-12-04,1896.0,1,0.0
1876,2020-12-07,1976.0,1,1.0
1877,2020-12-08,1909.0,1,1.0
1878,2020-12-09,1871.0,1,0.0
1879,2020-12-10,1943.0,1,0.0
1880,2020-12-11,1783.0,0,0.0
1881,2020-12-14,1622.0,0,1.0
1882,2020-12-15,1742.0,0,0.0
1883,2020-12-16,1700.0,1,0.0
1884,2020-12-17,1542.0,1,0.0
1885,2020-12-18,1551.0,1,1.0
1886,2020-12-21,1326.0,1,1.0
1887,2020-12-22,1433.0,1,0.0
1888,2020-12-23,1831.0,1,1.0
1889,2020-12-24,1743.0,1,1.0
1890,2020-12-29,1552.0,1,1.0
1891,2020-12-30,1549.0,1,1.0
1892,2020-12-31,1445.0,1,0.0
1893,2021-01-04,1295.0,1,1.0
1894,2021-01-05,1493.0,0,0.0
1895,2021-01-06,1426.0,0,0.0
1896,2021-01-07,1331.0,0,1.0
1897,2021-01-08,1374.0,0,0.0
1898,2021-01-11,1423.0,0,0.0
1899,2021-01-12,1411.0,1,0.0
1900,2021-01-13,1207.0,1,0.0
1901,2021-01-14,1083.0,0,0.0
1902,2021-01-15,1278.0,0,1.0
1903,2021-01-18,1155.0,1,1.0
1904,2021-01-19,1236.0,0,0.0
1905,2021-01-20,1298.0,0,1.0
1906,2021-01-21,1221.0,0,0.0
1907,2021-01-22,1125.0,0,0.0
1908,2021-01-25,987.0,0,0.0
1909,2021-01-26,1137.0,1,1.0
1910,2021-01-27,1018.0,1,1.0
1911,2021-01-28,1081.0,1,0.0
1912,2021-01-29,1211.0,1,0.0
1913,2021-02-01,1307.0,1,1.0
1914,2021-02-02,1298.0,1,1.0
1915,2021-02-03,1445.0,1,0.0
1916,2021-02-04,1342.0,1,1.0
1917,2021-02-05,1266.0,1,1.0
1918,2021-02-08,953.0,1,1.0
1919,2021-02-09,1285.0,1,1.0
1920,2021-02-18,1046.0,1,1.0
1921,2021-02-19,747.0,1,1.0
1922,2021-02-22,801.0,1,1.0
1923,2021-02-23,980.0,0,0.0
1924,2021-02-24,755.0,0,0.0
1925,2021-02-25,874.0,0,0.0
1926,2021-02-26,859.0,0,0.0
1927,2021-03-01,1383.0,0,0.0
1928,2021-03-02,1547.0,0,0.0
1929,2021-03-03,1339.0,0,1.0
1930,2021-03-04,1418.0,0,0.0
1931,2021-03-05,1747.0,0,0.0
1932,2021-03-08,1615.0,0,1.0
1933,2021-03-09,1531.0,0,0.0
1934,2021-03-10,1453.0,0,0.0
1935,2021-03-11,1681.0,0,0.0
1936,2021-03-12,1341.0,0,1.0
1937,2021-03-15,1045.0,0,1.0
1938,2021-03-16,1240.0,0,0.0
1939,2021-03-17,1257.0,0,0.0
1940,2021-03-18,1218.0,0,0.0
1941,2021-03-19,1347.0,0,1.0
1942,2021-03-22,1411.0,0,0.0
1943,2021-03-23,1343.0,0,1.0
1944,2021-03-24,1361.0,0,1.0
1945,2021-03-25,1331.0,1,1.0
1946,2021-03-26,1469.0,1,1.0
1947,2021-03-29,1603.0,1,1.0
1948,2021-03-30,1342.0,1,1.0
1949,2021-03-31,1371.0,0,0.0
1950,2021-04-01,1340.0,1,1.0
1951,2021-04-06,1215.0,1,0.0
1952,2021-04-07,1663.0,1,1.0
1953,2021-04-08,1566.0,1,1.0
1954,2021-04-09,1515.0,1,0.0
1955,2021-04-12,1213.0,1,0.0
1956,2021-04-13,1057.0,1,1.0
1957,2021-04-14,1310.0,1,1.0
1958,2021-04-15,970.0,1,1.0
1959,2021-04-16,724.0,1,1.0
1960,2021-04-19,803.0,1,1.0
1961,2021-04-20,1027.0,1,1.0
1962,2021-04-21,1059.0,1,1.0
1963,2021-04-22,987.0,1,0.0
1964,2021-04-23,842.0,1,1.0
1965,2021-04-26,1003.0,1,1.0
1966,2021-04-27,871.0,1,0.0
1967,2021-04-28,756.0,1,1.0
1968,2021-04-29,535.0,0,1.0
1969,2021-04-30,855.0,0,0.0
1970,2021-05-06,1179.0,1,1.0
1971,2021-05-07,1088.0,0,0.0
1972,2021-05-10,878.0,0,1.0
1973,2021-05-11,976.0,0,1.0
1974,2021-05-12,1098.0,1,1.0
1975,2021-05-13,1352.0,0,1.0
1976,2021-05-14,1257.0,0,0.0
1977,2021-05-17,1481.0,0,0.0
1978,2021-05-18,1832.0,0,1.0
1979,2021-05-19,1833.0,0,0.0
1980,2021-05-20,1525.0,0,0.0
1981,2021-05-21,1609.0,0,0.0
1982,2021-05-24,1826.0,0,0.0
1983,2021-05-25,1611.0,1,1.0
1984,2021-05-26,1595.0,1,1.0
1985,2021-05-27,1538.0,1,0.0
1986,2021-05-28,1506.0,1,0.0
1987,2021-06-01,1412.0,1,0.0
1988,2021-06-02,1561.0,1,1.0
1989,2021-06-03,1274.0,1,1.0
1990,2021-06-04,1430.0,0,0.0
1991,2021-06-07,1414.0,0,0.0
1992,2021-06-08,1249.0,0,0.0
1993,2021-06-09,1271.0,0,0.0
1994,2021-06-10,1250.0,0,0.0
1995,2021-06-11,1010.0,0,0.0
1996,2021-06-15,925.0,0,0.0
1997,2021-06-16,930.0,1,1.0
1998,2021-06-17,837.0,1,1.0
1999,2021-06-18,913.0,1,1.0
2000,2021-06-21,1112.0,1,0.0
2001,2021-06-22,902.0,1,1.0
2002,2021-06-23,913.0,1,1.0
2003,2021-06-24,941.0,1,1.0
2004,2021-06-25,865.0,1,1.0
2005,2021-06-28,924.0,1,0.0
2006,2021-06-29,880.0,1,1.0
2007,2021-06-30,844.0,1,1.0
2008,2021-07-01,817.0,1,1.0
2009,2021-07-02,1226.0,1,1.0
2010,2021-07-05,1259.0,1,1.0
2011,2021-07-06,1186.0,1,1.0
2012,2021-07-07,1380.0,1,0.0
2013,2021-07-08,1353.0,1,1.0
2014,2021-07-09,1266.0,1,1.0
2015,2021-07-12,1364.0,1,1.0
2016,2021-07-13,1356.0,1,1.0
2017,2021-07-14,1329.0,1,1.0
2018,2021-07-15,1416.0,1,1.0
2019,2021-07-16,1517.0,1,1.0
2020,2021-07-19,1659.0,1,1.0
2021,2021-07-20,1546.0,1,0.0
2022,2021-07-21,1935.0,1,0.0
2023,2021-07-22,1594.0,1,0.0
2024,2021-07-23,1618.0,1,1.0
2025,2021-07-26,1618.0,1,1.0
2026,2021-07-27,1745.0,1,1.0
2027,2021-07-28,1860.0,1,0.0
2028,2021-07-29,2000.0,1,0.0
2029,2021-07-30,1963.0,1,0.0
2030,2021-08-02,1941.0,1,0.0
2031,2021-08-03,1994.0,1,1.0
2032,2021-08-04,1940.0,1,1.0
2033,2021-08-05,1832.0,1,1.0
2034,2021-08-06,1751.0,1,1.0
2035,2021-08-09,1703.0,1,1.0
2036,2021-08-10,1712.0,1,1.0
2037,2021-08-11,1854.0,0,0.0
2038,2021-08-12,1745.0,1,1.0
2039,2021-08-13,1914.0,0,0.0
2040,2021-08-16,1677.0,0,1.0
2041,2021-08-17,1700.0,0,0.0
2042,2021-08-18,2036.0,0,1.0
2043,2021-08-19,2095.0,0,0.0
2044,2021-08-20,2079.0,0,0.0
2045,2021-08-23,2326.0,0,0.0
2046,2021-08-24,2166.0,1,1.0
2047,2021-08-25,2035.0,1,1.0
2048,2021-08-26,1754.0,1,1.0
2049,2021-08-27,1616.0,1,1.0
2050,2021-08-31,1685.0,1,0.0
2051,2021-09-01,1602.0,1,1.0
2052,2021-09-02,1690.0,1,0.0
2053,2021-09-03,1653.0,0,1.0
2054,2021-09-06,1527.0,0,0.0
2055,2021-09-07,1601.0,0,1.0
2056,2021-09-08,1683.0,0,0.0
2057,2021-09-09,1715.0,0,1.0
2058,2021-09-10,1861.0,0,0.0
2059,2021-09-13,2004.0,0,0.0
2060,2021-09-14,1825.0,1,0.0
2061,2021-09-15,1823.0,1,0.0
2062,2021-09-16,1653.0,1,1.0
2063,2021-09-17,1707.0,1,1.0
2064,2021-09-22,1847.0,1,0.0
2065,2021-09-23,2035.0,1,1.0
2066,2021-09-24,1776.0,1,0.0
2067,2021-09-27,1550.0,1,1.0
2068,2021-09-28,1403.0,1,0.0
2069,2021-09-29,1436.0,1,0.0
2070,2021-10-08,1381.0,1,0.0
2071,2021-10-11,1160.0,1,1.0
2072,2021-10-12,2834.0,0,1.0
2073,2021-10-13,2820.0,0,0.0
2074,2021-10-14,3271.0,1,1.0
2075,2021-10-15,3534.0,0,0.0
2076,2021-10-18,3203.0,0,0.0
2077,2021-10-19,3698.0,0,0.0
2078,2021-10-20,3748.0,0,0.0
2079,2021-10-21,3671.0,1,1.0
2080,2021-10-22,3221.0,1,0.0
2081,2021-10-25,3887.0,1,1.0
2082,2021-10-26,3550.0,0,0.0
2083,2021-10-27,3607.0,1,1.0
2084,2021-10-28,3612.0,1,1.0
2085,2021-10-29,3304.0,1,1.0
2086,2021-11-01,2833.0,1,1.0
2087,2021-11-02,4120.0,0,0.0
2088,2021-11-03,3558.0,0,0.0
2089,2021-11-04,3703.0,1,0.0
2090,2021-11-05,3480.0,1,0.0
2091,2021-11-08,3800.0,1,0.0
2092,2021-11-09,2565.0,1,1.0
2093,2021-11-10,2619.0,1,0.0
2094,2021-11-11,2438.0,1,0.0
2095,2021-11-12,2584.0,0,0.0
2096,2021-11-15,2574.0,1,1.0
2097,2021-11-16,2717.0,0,1.0
2098,2021-11-17,2830.0,0,1.0
2099,2021-11-18,2763.0,0,1.0
2100,2021-11-19,2540.0,0,1.0
2101,2021-11-22,2817.0,0,0.0
2102,2021-11-23,2595.0,0,1.0
2103,2021-11-24,2652.0,0,0.0
2104,2021-11-25,2672.0,0,0.0
2105,2021-11-26,2658.0,0,0.0
2106,2021-11-29,2646.0,0,0.0
2107,2021-11-30,3236.0,0,0.0
2108,2021-12-01,3210.0,0,0.0
2109,2021-12-02,3646.0,0,1.0
2110,2021-12-03,3742.0,0,0.0
2111,2021-12-06,3850.0,0,0.0
2112,2021-12-07,3717.0,1,0.0
2113,2021-12-08,3265.0,1,1.0
2114,2021-12-09,3287.0,1,1.0
2115,2021-12-10,3167.0,1,1.0
2116,2021-12-13,3179.0,1,1.0
2117,2021-12-14,3208.0,1,0.0
2118,2021-12-15,3157.0,1,1.0
2119,2021-12-16,3261.0,1,1.0
2120,2021-12-17,3279.0,1,1.0
2121,2021-12-20,2683.0,1,1.0
2122,2021-12-21,3155.0,1,1.0
2123,2021-12-22,3356.0,1,1.0
2124,2021-12-23,3077.0,1,0.0
2125,2021-12-24,2878.0,1,1.0
2126,2021-12-29,2851.0,1,0.0
2127,2021-12-30,2764.0,1,1.0
2128,2021-12-31,2300.0,1,0.0
2129,2022-01-04,2169.0,1,1.0
2130,2022-01-05,2669.0,1,0.0
2131,2022-01-06,2175.0,1,1.0
2132,2022-01-07,2255.0,1,0.0
2133,2022-01-10,2463.0,1,0.0
2134,2022-01-11,2357.0,1,1.0
2135,2022-01-12,2376.0,1,1.0
2136,2022-01-13,2209.0,1,1.0
2137,2022-01-14,1974.0,1,1.0
2138,2022-01-17,2087.0,1,1.0
2139,2022-01-18,1694.0,1,0.0
2140,2022-01-19,1808.0,1,1.0
2141,2022-01-20,1571.0,1,0.0
2142,2022-01-21,1165.0,1,1.0
2143,2022-01-24,1306.0,1,1.0
2144,2022-01-25,1596.0,1,1.0
2145,2022-01-26,1637.0,1,1.0
2146,2022-01-27,1615.0,1,1.0
2147,2022-01-28,1423.0,0,0.0
2148,2022-02-07,1519.0,0,0.0
2149,2022-02-08,820.0,0,1.0
2150,2022-02-09,1081.0,0,0.0
2151,2022-02-10,862.0,0,0.0
2152,2022-02-11,995.0,0,0.0
2153,2022-02-14,1114.0,0,0.0
2154,2022-02-15,1246.0,0,0.0
2155,2022-02-16,1615.0,0,1.0
2156,2022-02-17,1544.0,0,0.0
2157,2022-02-18,1694.0,0,0.0
2158,2022-02-21,1667.0,1,1.0
2159,2022-02-22,1397.0,0,0.0
2160,2022-02-23,1419.0,0,0.0
2161,2022-02-24,1432.0,0,0.0
2162,2022-02-25,1409.0,0,0.0
2163,2022-02-28,1739.0,1,0.0
2164,2022-03-01,1779.0,1,0.0
2165,2022-03-02,1655.0,1,1.0
2166,2022-03-03,1102.0,0,0.0
2167,2022-03-04,1766.0,0,1.0
2168,2022-03-07,1622.0,1,1.0
2169,2022-03-08,1975.0,1,1.0
2170,2022-03-09,1926.0,1,0.0
2171,2022-03-10,1803.0,0,0.0
2172,2022-03-11,1905.0,1,0.0
2173,2022-03-14,1951.0,1,0.0
2174,2022-03-15,1340.0,1,1.0
2175,2022-03-16,1660.0,1,1.0
2176,2022-03-17,1633.0,1,1.0
2177,2022-03-18,1463.0,1,1.0
2178,2022-03-21,1150.0,1,1.0
2179,2022-03-22,394.0,1,1.0
2180,2022-03-23,-90.0,1,0.0
2181,2022-03-24,-20.0,1,1.0
2182,2022-03-25,-44.0,0,0.0
2183,2022-03-28,-190.0,0,0.0
2184,2022-03-29,-919.0,0,0.0
2185,2022-03-30,-1285.0,0,0.0
2186,2022-03-31,-954.0,0,0.0
2187,2022-04-01,-1414.0,0,0.0
2188,2022-04-06,-915.0,0,0.0
2189,2022-04-07,-1192.0,0,0.0
2190,2022-04-08,-969.0,0,0.0
2191,2022-04-11,-684.0,0,0.0
2192,2022-04-12,-596.0,0,0.0
2193,2022-04-13,-989.0,0,0.0
2194,2022-04-14,-1625.0,0,0.0
2195,2022-04-19,-2333.0,1,1.0
2196,2022-04-20,-2612.0,1,1.0
2197,2022-04-21,-1850.0,1,1.0
2198,2022-04-22,-1964.0,0,0.0
2199,2022-04-25,-1908.0,0,0.0
2200,2022-04-26,-1627.0,1,1.0
2201,2022-04-27,-1600.0,1,1.0
2202,2022-04-28,-1731.0,1,1.0
2203,2022-04-29,-2471.0,0,1.0
2204,2022-05-05,-3486.0,0,0.0
2205,2022-05-06,-4702.0,0,0.0
2206,2022-05-09,-3707.0,0,0.0
2207,2022-05-10,-3088.0,1,0.0
2208,2022-05-11,-2995.0,1,1.0
2209,2022-05-12,-3002.0,0,0.0
2210,2022-05-13,-3080.0,0,0.0
2211,2022-05-16,-3415.0,0,0.0
2212,2022-05-17,-3396.0,0,0.0
2213,2022-05-18,-4274.0,0,0.0
2214,2022-05-19,-3922.0,0,0.0
2215,2022-05-20,-3351.0,0,0.0
2216,2022-05-23,-3909.0,0,0.0
2217,2022-05-24,-3100.0,0,0.0
2218,2022-05-25,-3241.0,0,0.0
2219,2022-05-26,-3117.0,0,0.0
2220,2022-05-27,-3240.0,0,0.0
2221,2022-05-30,-3081.0,0,0.0
2222,2022-05-31,-3068.0,1,1.0
2223,2022-06-01,-3136.0,0,0.0
2224,2022-06-06,-4357.0,0,0.0
2225,2022-06-07,-4380.0,0,0.0
2226,2022-06-08,-4337.0,0,0.0
2227,2022-06-09,-4354.0,0,0.0
2228,2022-06-10,-4992.0,0,0.0
2229,2022-06-13,-5879.0,0,0.0
2230,2022-06-14,-5642.0,0,0.0
2231,2022-06-15,-5770.0,0,0.0
2232,2022-06-16,-5442.0,0,0.0
2233,2022-06-17,-5532.0,0,0.0
2234,2022-06-20,-5886.0,0,0.0
2235,2022-06-21,-6205.0,0,0.0
2236,2022-06-22,-6574.0,0,0.0
2237,2022-06-23,-5735.0,0,0.0
2238,2022-06-24,-5035.0,0,0.0
2239,2022-06-27,-4465.0,1,0.0
2240,2022-06-28,-4538.0,0,0.0
2241,2022-06-29,-4129.0,0,0.0
2242,2022-06-30,-4031.0,0,0.0
2243,2022-07-01,-4625.0,0,0.0
2244,2022-07-04,-4856.0,0,0.0
2245,2022-07-05,-4740.0,0,0.0
2246,2022-07-06,-4748.0,0,0.0
2247,2022-07-07,-4239.0,0,0.0
2248,2022-07-08,-3619.0,0,0.0
2249,2022-07-11,-4161.0,0,0.0
2250,2022-07-12,-4814.0,0,0.0
2251,2022-07-13,-4690.0,0,0.0
2252,2022-07-14,-4054.0,1,0.0
2253,2022-07-15,-4337.0,1,0.0
2254,2022-07-18,-3671.0,1,0.0
2255,2022-07-19,-5053.0,0,0.0
2256,2022-07-20,-5402.0,1,0.0
2257,2022-07-21,-5501.0,0,0.0
2258,2022-07-22,-5731.0,0,0.0
2259,2022-07-25,-5417.0,0,0.0
2260,2022-07-26,-5202.0,0,0.0
2261,2022-07-27,-5179.0,0,0.0
2262,2022-07-28,-5650.0,0,0.0
2263,2022-07-29,-5817.0,0,0.0
2264,2022-08-01,-5914.0,0,0.0
2265,2022-08-02,-3108.0,1,0.0
2266,2022-08-03,-2810.0,1,1.0
2267,2022-08-04,-3070.0,1,1.0
2268,2022-08-05,-2995.0,1,1.0
2269,2022-08-08,-3031.0,1,0.0
2270,2022-08-09,-3303.0,1,0.0
2271,2022-08-10,-3174.0,1,0.0
2272,2022-08-11,-3757.0,1,0.0
2273,2022-08-12,-4059.0,1,0.0
2274,2022-08-15,-4627.0,1,0.0
2275,2022-08-16,-5239.0,0,0.0
2276,2022-08-17,-5888.0,0,0.0
2277,2022-08-18,-6274.0,0,0.0
2278,2022-08-19,-5705.0,1,0.0
2279,2022-08-22,-5748.0,1,0.0
2280,2022-08-23,-6263.0,0,0.0
2281,2022-08-24,-5938.0,0,0.0
2282,2022-08-25,-5623.0,0,0.0
2283,2022-08-26,-5903.0,0,0.0
2284,2022-08-30,-5892.0,0,0.0
2285,2022-08-31,-6377.0,0,0.0
2286,2022-09-01,-5601.0,0,0.0
2287,2022-09-02,-5883.0,0,0.0
2288,2022-09-05,-5064.0,1,0.0
2289,2022-09-06,-4345.0,1,0.0
2290,2022-09-07,-4366.0,0,0.0
2291,2022-09-08,-4462.0,0,0.0
2292,2022-09-09,-4191.0,0,0.0
2293,2022-09-13,-4591.0,0,0.0
2294,2022-09-14,-4959.0,0,0.0
2295,2022-09-15,-4493.0,0,0.0
2296,2022-09-16,-4514.0,0,0.0
2297,2022-09-20,-4525.0,0,0.0
2298,2022-09-21,-3496.0,0,0.0
2299,2022-09-22,-3079.0,0,0.0
2300,2022-09-23,-3637.0,0,0.0
2301,2022-09-26,-3502.0,0,0.0
2302,2022-09-27,-2955.0,0,1.0
2303,2022-09-28,-2314.0,0,1.0
2304,2022-09-29,-2265.0,0,1.0
2305,2022-10-10,-2353.0,0,1.0
2306,2022-10-12,-2015.0,0,0.0
2307,2022-10-14,-2457.0,0,1.0
2308,2022-10-18,-1529.0,0,1.0
2309,2022-10-20,-1265.0,0,0.0
2310,2022-10-24,-438.0,1,1.0
2311,2022-10-26,-634.0,1,0.0
2312,2022-10-28,-586.0,1,0.0
2313,2022-11-01,4.0,1,0.0
2314,2022-11-03,-174.0,1,1.0
2315,2022-11-07,-1392.0,1,0.0
2316,2022-11-09,-2739.0,0,1.0
2317,2022-11-11,-2870.0,1,1.0
2318,2022-11-15,-2809.0,1,1.0
2319,2022-11-17,-2685.0,1,1.0
2320,2022-11-21,-3213.0,1,0.0
2321,2022-11-23,-2683.0,1,1.0
2322,2022-11-24,-2531.0,1,1.0
2323,2022-11-28,-2598.0,1,1.0
2324,2022-11-30,-2172.0,1,1.0
2325,2022-12-02,-2329.0,1,1.0
2326,2022-12-06,-2865.0,1,1.0
2327,2022-12-08,-2725.0,1,1.0
2328,2022-12-12,-2355.0,1,1.0
2329,2022-12-14,-2113.0,1,0.0
2330,2022-12-16,-2177.0,1,1.0
2331,2022-12-20,-2032.0,1,0.0
2332,2022-12-22,-2548.0,1,1.0
2333,2022-12-28,-3242.0,1,0.0
2334,2023-01-03,-2429.0,1,1.0
2335,2023-01-05,-2054.0,1,0.0
2336,2023-01-09,-1593.0,1,1.0
2337,2023-01-11,-2312.0,1,1.0
2338,2023-01-13,-2004.0,1,0.0
2339,2023-01-17,-1522.0,1,1.0
2340,2023-01-19,-1549.0,0,1.0
2341,2023-01-30,-1855.0,0,1.0
2342,2023-02-01,-1653.0,0,1.0
2343,2023-02-03,-906.0,0,0.0
2344,2023-02-07,-923.0,0,0.0
2345,2023-02-08,-479.0,0,1.0
2346,2023-02-10,-836.0,0,0.0
2347,2023-02-14,-827.0,1,0.0
2348,2023-02-16,-1040.0,1,0.0
2349,2023-02-20,-713.0,0,0.0
2350,2023-02-22,-684.0,0,0.0
2351,2023-02-24,-598.0,0,0.0
2352,2023-02-28,-659.0,0,0.0
2353,2023-03-02,-1111.0,0,0.0
2354,2023-03-06,-1353.0,0,0.0
2355,2023-03-08,-958.0,0,0.0
2356,2023-03-10,-660.0,0,0.0
2357,2023-03-14,-587.0,0,0.0
