,date,factor_indicator,y
0,2007-11-06,-1586.0,1
1,2007-11-07,-1587.0,1
2,2007-11-08,-1857.0,0
3,2007-11-09,-1732.0,0
4,2007-11-12,-1662.0,0
5,2007-11-13,-1597.0,0
6,2007-11-14,-1342.0,0
7,2007-11-15,-1379.0,0
8,2007-11-16,-1299.0,0
9,2007-11-19,-1274.0,1
10,2007-11-20,-1335.0,0
11,2007-11-21,-1287.0,1
12,2007-11-22,-1281.0,1
13,2007-11-23,-1299.0,0
14,2007-11-26,-1314.0,0
15,2007-11-27,-1393.0,0
16,2007-11-28,-1229.0,0
17,2007-11-29,-1202.0,0
18,2007-11-30,-1290.0,0
19,2007-12-03,-1200.0,0
20,2007-12-04,-1110.0,0
21,2007-12-05,-1106.0,1
22,2007-12-06,-1065.0,1
23,2007-12-07,-1055.0,1
24,2007-12-10,-1143.0,0
25,2007-12-11,-1139.0,0
26,2007-12-12,-1151.0,0
27,2007-12-13,-1076.0,1
28,2007-12-14,-1124.0,1
29,2007-12-17,-1116.0,1
30,2007-12-18,-1295.0,0
31,2007-12-19,-1225.0,1
32,2007-12-20,-1297.0,1
33,2007-12-21,-1273.0,1
34,2007-12-24,-1277.0,1
35,2007-12-25,-1297.0,0
36,2007-12-26,-1264.0,0
37,2007-12-27,-1283.0,1
38,2007-12-28,-1215.0,1
39,2008-01-02,-1238.0,1
40,2008-01-03,-1264.0,1
41,2008-01-04,-1404.0,1
42,2008-01-07,-1417.0,1
43,2008-01-08,-1481.0,0
44,2008-01-09,-1403.0,0
45,2008-01-10,-1427.0,0
46,2008-01-11,-1296.0,1
47,2008-01-14,-1164.0,1
48,2008-01-15,-1341.0,0
49,2008-01-16,-1302.0,0
50,2008-01-17,-1224.0,0
51,2008-01-18,-1279.0,0
52,2008-01-21,-1203.0,0
53,2008-01-22,-1156.0,0
54,2008-01-23,-967.0,1
55,2008-01-24,-1126.0,0
56,2008-01-25,-1034.0,1
57,2008-01-28,-1036.0,0
58,2008-01-29,-1023.0,0
59,2008-01-30,-1032.0,0
60,2008-01-31,-984.0,1
61,2008-02-01,-991.0,1
62,2008-02-04,-979.0,1
63,2008-02-05,-1040.0,1
64,2008-02-13,-1084.0,1
65,2008-02-14,-991.0,1
66,2008-02-15,-1125.0,1
67,2008-02-18,-1132.0,1
68,2008-02-19,-1190.0,1
69,2008-02-20,-1507.0,1
70,2008-02-21,-1569.0,1
71,2008-02-22,-1589.0,1
72,2008-02-25,-1736.0,0
73,2008-02-26,-1639.0,0
74,2008-02-27,-1562.0,1
75,2008-02-28,-1591.0,1
76,2008-02-29,-1549.0,1
77,2008-03-03,-1644.0,1
78,2008-03-04,-2079.0,1
79,2008-03-05,-2610.0,0
80,2008-03-06,-2321.0,0
81,2008-03-07,-2214.0,0
82,2008-03-10,-1820.0,0
83,2008-03-11,-1725.0,1
84,2008-03-12,-1880.0,0
85,2008-03-13,-1685.0,0
86,2008-03-14,-1734.0,0
87,2008-03-17,-1681.0,0
88,2008-03-18,-1448.0,0
89,2008-03-19,-1048.0,0
90,2008-03-20,-1103.0,0
91,2008-03-21,-921.0,1
92,2008-03-24,-1027.0,1
93,2008-03-25,-999.0,0
94,2008-03-26,-1065.0,0
95,2008-03-27,-1035.0,1
96,2008-03-28,-878.0,0
97,2008-03-31,-884.0,0
98,2008-04-01,-1087.0,0
99,2008-04-02,-733.0,1
100,2008-04-03,-814.0,0
101,2008-04-07,-744.0,0
102,2008-04-08,-783.0,0
103,2008-04-09,-730.0,0
104,2008-04-10,-717.0,1
105,2008-04-11,-752.0,1
106,2008-04-14,-685.0,1
107,2008-04-15,-757.0,0
108,2008-04-16,-850.0,0
109,2008-04-17,-891.0,0
110,2008-04-18,-745.0,0
111,2008-04-21,-673.0,0
112,2008-04-22,-512.0,1
113,2008-04-23,-400.0,1
114,2008-04-24,-452.0,1
115,2008-04-25,-580.0,0
116,2008-04-28,-443.0,0
117,2008-04-29,-492.0,0
118,2008-04-30,-470.0,0
119,2008-05-05,-440.0,1
120,2008-05-06,-446.0,0
121,2008-05-07,-445.0,0
122,2008-05-08,-463.0,0
123,2008-05-09,-438.0,1
124,2008-05-12,-395.0,0
125,2008-05-13,-442.0,0
126,2008-05-14,-433.0,0
127,2008-05-15,-323.0,1
128,2008-05-16,-264.0,1
129,2008-05-19,-318.0,1
130,2008-05-20,-350.0,1
131,2008-05-21,-390.0,0
132,2008-05-22,-341.0,1
133,2008-05-23,-484.0,0
134,2008-05-26,-337.0,0
135,2008-05-27,-305.0,0
136,2008-05-28,-300.0,0
137,2008-05-29,-121.0,0
138,2008-05-30,-108.0,0
139,2008-06-02,-99.0,0
140,2008-06-03,31.0,1
141,2008-06-04,16.0,1
142,2008-06-05,16.0,1
143,2008-06-06,3.0,0
144,2008-06-10,13.0,0
145,2008-06-11,13.0,0
146,2008-06-12,153.0,1
147,2008-06-13,128.0,1
148,2008-06-16,121.0,1
149,2008-06-17,102.0,1
150,2008-06-18,97.0,0
151,2008-06-19,77.0,0
152,2008-06-20,87.0,0
153,2008-06-23,137.0,0
154,2008-06-24,168.0,1
155,2008-06-25,183.0,0
156,2008-06-26,156.0,0
157,2008-06-27,153.0,0
158,2008-06-30,188.0,0
159,2008-07-01,293.0,0
160,2008-07-02,332.0,1
161,2008-07-03,324.0,1
162,2008-07-04,325.0,1
163,2008-07-07,-999.0,0
164,2008-07-08,-992.0,0
165,2008-07-09,-812.0,1
166,2008-07-10,-944.0,1
167,2008-07-11,-987.0,1
168,2008-07-14,-985.0,1
169,2008-07-15,-1147.0,0
170,2008-07-16,-1075.0,0
171,2008-07-17,-1165.0,0
172,2008-07-18,-1067.0,0
173,2008-07-21,-983.0,0
174,2008-07-22,-779.0,0
175,2008-07-23,-734.0,0
176,2008-07-24,-493.0,1
177,2008-07-25,-663.0,0
178,2008-07-28,-618.0,1
179,2008-07-29,-656.0,1
180,2008-07-30,-585.0,1
181,2008-07-31,-729.0,0
182,2008-08-01,-735.0,0
183,2008-08-04,-797.0,0
184,2008-08-05,-497.0,0
185,2008-08-06,-335.0,1
186,2008-08-07,-454.0,0
187,2008-08-08,-475.0,0
188,2008-08-11,-469.0,1
189,2008-08-12,-320.0,1
190,2008-08-13,-369.0,0
191,2008-08-14,-530.0,0
192,2008-08-15,-465.0,0
193,2008-08-18,-257.0,1
194,2008-08-19,-418.0,0
195,2008-08-20,-463.0,0
196,2008-08-21,-403.0,0
197,2008-08-22,-389.0,0
198,2008-08-25,-390.0,0
199,2008-08-26,-382.0,0
200,2008-08-27,-163.0,1
201,2008-08-28,-168.0,1
202,2008-08-29,-152.0,0
203,2008-09-01,-190.0,0
204,2008-09-02,-241.0,1
205,2008-09-03,-118.0,1
206,2008-09-04,-218.0,0
207,2008-09-05,-324.0,0
208,2008-09-08,-232.0,0
209,2008-09-09,-108.0,0
210,2008-09-10,0.0,0
211,2008-09-11,97.0,0
212,2008-09-12,100.0,0
213,2008-09-16,55.0,0
214,2008-09-17,517.0,1
215,2008-09-18,478.0,1
216,2008-09-19,519.0,1
217,2008-09-22,206.0,1
218,2008-09-23,-200.0,0
219,2008-09-24,-80.0,1
220,2008-09-25,-43.0,0
221,2008-09-26,-49.0,0
222,2008-10-06,-194.0,0
223,2008-10-07,303.0,1
224,2008-10-08,-208.0,0
225,2008-10-09,110.0,0
226,2008-10-10,36.0,0
227,2008-10-13,398.0,1
228,2008-10-14,151.0,0
229,2008-10-15,163.0,0
230,2008-10-16,187.0,1
231,2008-10-17,419.0,1
232,2008-10-20,226.0,1
233,2008-10-21,-55.0,0
234,2008-10-22,28.0,1
235,2008-10-23,-27.0,0
236,2008-10-24,-170.0,0
237,2008-10-27,-193.0,0
238,2008-10-28,-129.0,1
239,2008-10-29,-295.0,0
240,2008-10-30,-315.0,0
241,2008-10-31,-497.0,0
242,2008-11-03,-424.0,0
243,2008-11-04,-125.0,0
244,2008-11-05,82.0,0
245,2008-11-06,181.0,0
246,2008-11-07,428.0,0
247,2008-11-10,651.0,0
248,2008-11-11,86.0,0
249,2008-11-12,383.0,1
250,2008-11-13,346.0,1
251,2008-11-14,3.0,1
252,2008-11-17,-181.0,1
253,2008-11-18,-55.0,1
254,2008-11-19,-339.0,1
255,2008-11-20,-398.0,1
256,2008-11-21,-695.0,1
257,2008-11-24,-544.0,1
258,2008-11-25,-835.0,0
259,2008-11-26,-669.0,1
260,2008-11-27,-644.0,1
261,2008-11-28,-616.0,1
262,2008-12-01,-623.0,1
263,2008-12-02,-709.0,0
264,2008-12-03,-673.0,0
265,2008-12-04,-606.0,0
266,2008-12-05,-94.0,1
267,2008-12-08,-55.0,1
268,2008-12-09,-409.0,1
269,2008-12-10,-507.0,0
270,2008-12-11,-479.0,1
271,2008-12-12,-438.0,1
272,2008-12-15,-465.0,1
273,2008-12-16,-647.0,0
274,2008-12-17,-571.0,1
275,2008-12-18,-528.0,1
276,2008-12-19,-515.0,1
277,2008-12-22,-539.0,1
278,2008-12-23,-924.0,1
279,2008-12-24,-784.0,1
280,2008-12-25,-806.0,1
281,2008-12-26,-900.0,0
282,2008-12-29,-860.0,1
283,2008-12-30,-877.0,0
284,2008-12-31,-730.0,1
285,2009-01-05,-842.0,1
286,2009-01-06,-745.0,1
287,2009-01-07,-687.0,1
288,2009-01-08,-797.0,0
289,2009-01-09,-794.0,0
290,2009-01-12,-821.0,0
291,2009-01-13,-700.0,0
292,2009-01-14,-628.0,1
293,2009-01-15,-660.0,1
294,2009-01-16,-648.0,1
295,2009-01-19,-693.0,0
296,2009-01-20,-680.0,0
297,2009-01-21,-647.0,1
298,2009-01-22,-617.0,1
299,2009-01-23,-571.0,1
300,2009-02-02,-645.0,1
301,2009-02-03,-738.0,1
302,2009-02-04,-810.0,1
303,2009-02-05,-759.0,1
304,2009-02-06,-745.0,1
305,2009-02-09,-893.0,0
306,2009-02-10,-1046.0,0
307,2009-02-11,-985.0,0
308,2009-02-12,-818.0,1
309,2009-02-13,-790.0,1
310,2009-02-16,-814.0,0
311,2009-02-17,-838.0,0
312,2009-02-18,-907.0,0
313,2009-02-19,-752.0,0
314,2009-02-20,-379.0,1
315,2009-02-23,-547.0,1
316,2009-02-24,-608.0,0
317,2009-02-25,-499.0,1
318,2009-02-26,-476.0,0
319,2009-02-27,-434.0,0
320,2009-03-02,-459.0,0
321,2009-03-03,-305.0,1
322,2009-03-04,-315.0,1
323,2009-03-05,-328.0,1
324,2009-03-06,-320.0,1
325,2009-03-09,-313.0,1
326,2009-03-10,-375.0,1
327,2009-03-11,-383.0,1
328,2009-03-12,-405.0,1
329,2009-03-13,-364.0,1
330,2009-03-16,-360.0,1
331,2009-03-17,-374.0,1
332,2009-03-18,-428.0,1
333,2009-03-19,-408.0,1
334,2009-03-20,-432.0,1
335,2009-03-23,-470.0,1
336,2009-03-24,-602.0,1
337,2009-03-25,-535.0,1
338,2009-03-26,-599.0,1
339,2009-03-27,-676.0,1
340,2009-03-30,-651.0,1
341,2009-03-31,-708.0,1
342,2009-04-01,-733.0,1
343,2009-04-02,-754.0,1
344,2009-04-03,-744.0,1
345,2009-04-07,-761.0,1
346,2009-04-08,-923.0,1
347,2009-04-09,-884.0,1
348,2009-04-10,-1013.0,1
349,2009-04-13,-938.0,1
350,2009-04-14,-1063.0,0
351,2009-04-15,-904.0,0
352,2009-04-16,-776.0,1
353,2009-04-17,-771.0,0
354,2009-04-20,-686.0,0
355,2009-04-21,-659.0,0
356,2009-04-22,-538.0,0
357,2009-04-23,-501.0,0
358,2009-04-24,-456.0,0
359,2009-04-27,-397.0,0
360,2009-04-28,-339.0,0
361,2009-04-29,-324.0,1
362,2009-04-30,-257.0,1
363,2009-05-04,-284.0,1
364,2009-05-05,-421.0,1
365,2009-05-06,-375.0,1
366,2009-05-07,-429.0,0
367,2009-05-08,-424.0,1
368,2009-05-11,-504.0,0
369,2009-05-12,-369.0,0
370,2009-05-13,-424.0,0
371,2009-05-14,-385.0,0
372,2009-05-15,-363.0,0
373,2009-05-18,-358.0,0
374,2009-05-19,-353.0,0
375,2009-05-20,-336.0,0
376,2009-05-21,-323.0,0
377,2009-05-22,-227.0,0
378,2009-05-25,-194.0,1
379,2009-05-26,-69.0,1
380,2009-05-27,18.0,1
381,2009-06-01,-289.0,1
382,2009-06-02,-193.0,1
383,2009-06-03,-374.0,0
384,2009-06-04,-353.0,0
385,2009-06-05,-269.0,0
386,2009-06-08,-230.0,1
387,2009-06-09,-164.0,1
388,2009-06-10,-235.0,1
389,2009-06-11,-354.0,1
390,2009-06-12,-449.0,1
391,2009-06-15,-594.0,1
392,2009-06-16,-645.0,0
393,2009-06-17,-722.0,0
394,2009-06-18,-581.0,0
395,2009-06-19,-470.0,0
396,2009-06-22,-465.0,0
397,2009-06-23,-390.0,1
398,2009-06-24,-450.0,0
399,2009-06-25,-442.0,1
400,2009-06-26,-405.0,1
401,2009-06-29,-395.0,1
402,2009-06-30,-454.0,1
403,2009-07-01,-454.0,1
404,2009-07-02,-501.0,1
405,2009-07-03,-504.0,1
406,2009-07-06,-477.0,1
407,2009-07-07,-531.0,1
408,2009-07-08,-575.0,1
409,2009-07-09,-578.0,1
410,2009-07-10,-646.0,1
411,2009-07-13,-678.0,1
412,2009-07-14,-701.0,0
413,2009-07-15,-769.0,0
414,2009-07-16,-658.0,0
415,2009-07-17,-591.0,0
416,2009-07-20,-548.0,0
417,2009-07-21,-510.0,0
418,2009-07-22,-470.0,0
419,2009-07-23,-377.0,1
420,2009-07-24,-376.0,1
421,2009-07-27,-393.0,1
422,2009-07-28,-418.0,0
423,2009-07-29,-477.0,0
424,2009-07-30,-380.0,1
425,2009-07-31,-369.0,1
426,2009-08-03,-412.0,1
427,2009-08-04,-496.0,0
428,2009-08-05,-428.0,0
429,2009-08-06,-423.0,1
430,2009-08-07,-317.0,1
431,2009-08-10,-267.0,1
432,2009-08-11,-443.0,1
433,2009-08-12,-714.0,0
434,2009-08-13,-632.0,0
435,2009-08-14,-723.0,0
436,2009-08-17,-524.0,0
437,2009-08-18,-322.0,1
438,2009-08-19,-377.0,0
439,2009-08-20,-284.0,1
440,2009-08-21,-392.0,0
441,2009-08-24,-302.0,0
442,2009-08-25,-462.0,0
443,2009-08-26,-402.0,0
444,2009-08-27,-282.0,0
445,2009-08-28,-234.0,1
446,2009-08-31,-284.0,0
447,2009-09-01,-219.0,0
448,2009-09-02,-303.0,0
449,2009-09-03,-183.0,1
450,2009-09-04,-245.0,1
451,2009-09-07,-296.0,1
452,2009-09-08,-480.0,0
453,2009-09-09,-501.0,0
454,2009-09-10,-471.0,1
455,2009-09-11,-437.0,1
456,2009-09-14,-400.0,1
457,2009-09-15,-534.0,1
458,2009-09-16,-712.0,0
459,2009-09-17,-591.0,1
460,2009-09-18,-653.0,0
461,2009-09-21,-652.0,1
462,2009-09-22,-637.0,1
463,2009-09-23,-593.0,1
464,2009-09-24,-631.0,0
465,2009-09-25,-782.0,0
466,2009-09-28,-708.0,0
467,2009-09-29,-502.0,1
468,2009-09-30,-541.0,1
469,2009-10-09,-523.0,1
470,2009-10-12,-728.0,1
471,2009-10-13,-821.0,1
472,2009-10-14,-729.0,1
473,2009-10-15,-828.0,1
474,2009-10-16,-715.0,1
475,2009-10-19,-685.0,1
476,2009-10-20,-952.0,0
477,2009-10-21,-809.0,0
478,2009-10-22,-530.0,1
479,2009-10-23,-467.0,1
480,2009-10-26,-544.0,1
481,2009-10-27,-623.0,0
482,2009-10-28,-524.0,1
483,2009-10-29,-650.0,1
484,2009-10-30,-413.0,1
485,2009-11-02,-443.0,1
486,2009-11-03,-857.0,1
487,2009-11-04,-863.0,1
488,2009-11-05,-845.0,1
489,2009-11-06,-848.0,1
490,2009-11-09,-931.0,1
491,2009-11-10,-1093.0,1
492,2009-11-11,-1147.0,1
493,2009-11-12,-1325.0,0
494,2009-11-13,-1204.0,1
495,2009-11-16,-1171.0,1
496,2009-11-17,-1125.0,1
497,2009-11-18,-1194.0,1
498,2009-11-19,-1154.0,1
499,2009-11-20,-1034.0,1
500,2009-11-23,-1294.0,1
501,2009-11-24,-1775.0,0
502,2009-11-25,-1687.0,0
503,2009-11-26,-1508.0,0
504,2009-11-27,-1239.0,0
505,2009-11-30,-861.0,1
506,2009-12-01,-1042.0,1
507,2009-12-02,-873.0,1
508,2009-12-03,-926.0,1
509,2009-12-04,-1225.0,1
510,2009-12-07,-1127.0,0
511,2009-12-08,-1355.0,0
512,2009-12-09,-1375.0,0
513,2009-12-10,-949.0,0
514,2009-12-11,-959.0,1
515,2009-12-14,-974.0,1
516,2009-12-15,-926.0,1
517,2009-12-16,-1273.0,0
518,2009-12-17,-1189.0,0
519,2009-12-18,-1021.0,1
520,2009-12-21,-1128.0,0
521,2009-12-22,-1043.0,0
522,2009-12-23,-1076.0,1
523,2009-12-24,-891.0,1
524,2009-12-25,-964.0,1
525,2009-12-28,-1162.0,1
526,2009-12-29,-1742.0,0
527,2009-12-30,-1647.0,1
528,2009-12-31,-1625.0,1
529,2010-01-04,-1647.0,0
530,2010-01-05,-1731.0,0
531,2010-01-06,-1600.0,0
532,2010-01-07,-1379.0,0
533,2010-01-08,-1088.0,1
534,2010-01-11,-1018.0,1
535,2010-01-12,-1097.0,1
536,2010-01-13,-1927.0,0
537,2010-01-14,-1468.0,0
538,2010-01-15,-1507.0,0
539,2010-01-18,-1393.0,0
540,2010-01-19,-1423.0,0
541,2010-01-20,-1431.0,0
542,2010-01-21,-1104.0,1
543,2010-01-22,-1303.0,0
544,2010-01-25,-1368.0,0
545,2010-01-26,-1367.0,0
546,2010-01-27,-979.0,0
547,2010-01-28,-1044.0,1
548,2010-01-29,-996.0,0
549,2010-02-01,-981.0,1
550,2010-02-02,-1102.0,1
551,2010-02-03,-893.0,1
552,2010-02-04,-1195.0,0
553,2010-02-05,-1247.0,0
554,2010-02-08,-1180.0,1
555,2010-02-09,-943.0,1
556,2010-02-10,-1070.0,1
557,2010-02-11,-1267.0,1
558,2010-02-12,-1304.0,1
559,2010-02-22,-1338.0,1
560,2010-02-23,-1837.0,0
561,2010-02-24,-1892.0,0
562,2010-02-25,-1656.0,1
563,2010-02-26,-1456.0,1
564,2010-03-01,-1790.0,1
565,2010-03-02,-1712.0,0
566,2010-03-03,-1489.0,1
567,2010-03-04,-1665.0,1
568,2010-03-05,-1504.0,1
569,2010-03-08,-1555.0,1
570,2010-03-09,-1609.0,0
571,2010-03-10,-1806.0,0
572,2010-03-11,-1621.0,1
573,2010-03-12,-1449.0,1
574,2010-03-15,-1489.0,1
575,2010-03-16,-1520.0,1
576,2010-03-17,-1518.0,1
577,2010-03-18,-1550.0,1
578,2010-03-19,-1407.0,1
579,2010-03-22,-1636.0,0
580,2010-03-23,-1553.0,0
581,2010-03-24,-1342.0,0
582,2010-03-25,-1160.0,0
583,2010-03-26,-1043.0,0
584,2010-03-29,-944.0,0
585,2010-03-30,-881.0,0
586,2010-03-31,-868.0,1
587,2010-04-01,-787.0,1
588,2010-04-02,-835.0,1
589,2010-04-06,-1004.0,0
590,2010-04-07,-1052.0,0
591,2010-04-08,-921.0,0
592,2010-04-09,-796.0,0
593,2010-04-12,-652.0,1
594,2010-04-13,-674.0,0
595,2010-04-14,-620.0,1
596,2010-04-15,-669.0,0
597,2010-04-16,-629.0,1
598,2010-04-19,-662.0,1
599,2010-04-20,-490.0,1
600,2010-04-21,-636.0,1
601,2010-04-22,-850.0,0
602,2010-04-23,-769.0,1
603,2010-04-26,-756.0,1
604,2010-04-27,-756.0,0
605,2010-04-28,-768.0,0
606,2010-04-29,-813.0,0
607,2010-04-30,-509.0,0
608,2010-05-04,-479.0,0
609,2010-05-05,-387.0,0
610,2010-05-06,-226.0,0
611,2010-05-07,-151.0,0
612,2010-05-10,1.0,1
613,2010-05-11,-126.0,1
614,2010-05-12,-22.0,1
615,2010-05-13,46.0,1
616,2010-05-14,23.0,1
617,2010-05-17,40.0,1
618,2010-05-18,78.0,1
619,2010-05-19,-125.0,0
620,2010-05-20,-211.0,0
621,2010-05-21,-44.0,0
622,2010-05-24,243.0,0
623,2010-05-25,371.0,1
624,2010-05-26,604.0,0
625,2010-05-27,488.0,0
626,2010-05-28,549.0,0
627,2010-05-31,804.0,0
628,2010-06-01,896.0,0
629,2010-06-02,818.0,0
630,2010-06-03,1216.0,0
631,2010-06-04,1219.0,0
632,2010-06-07,1265.0,1
633,2010-06-08,1591.0,1
634,2010-06-09,1422.0,1
635,2010-06-10,1117.0,1
636,2010-06-11,1109.0,0
637,2010-06-17,1057.0,0
638,2010-06-18,1077.0,0
639,2010-06-21,1371.0,1
640,2010-06-22,1378.0,1
641,2010-06-23,1531.0,1
642,2010-06-24,1294.0,1
643,2010-06-25,1350.0,0
644,2010-06-28,1412.0,1
645,2010-06-29,1386.0,0
646,2010-06-30,1475.0,0
647,2010-07-01,1439.0,0
648,2010-07-02,1690.0,0
649,2010-07-05,1619.0,0
650,2010-07-06,1841.0,0
651,2010-07-07,1798.0,0
652,2010-07-08,1938.0,0
653,2010-07-09,1894.0,0
654,2010-07-12,2029.0,0
655,2010-07-13,2203.0,0
656,2010-07-14,2311.0,1
657,2010-07-15,2208.0,1
658,2010-07-16,2259.0,1
659,2010-07-19,2082.0,0
660,2010-07-20,1928.0,0
661,2010-07-21,1977.0,1
662,2010-07-22,2110.0,1
663,2010-07-23,2023.0,1
664,2010-07-26,1927.0,1
665,2010-07-27,1809.0,0
666,2010-07-28,1963.0,1
667,2010-07-29,1862.0,1
668,2010-07-30,1873.0,1
669,2010-08-02,1750.0,1
670,2010-08-03,1569.0,0
671,2010-08-04,1527.0,1
672,2010-08-05,1498.0,1
673,2010-08-06,1572.0,1
674,2010-08-09,1438.0,1
675,2010-08-10,1436.0,1
676,2010-08-11,1317.0,1
677,2010-08-12,1246.0,1
678,2010-08-13,1258.0,1
679,2010-08-16,1003.0,0
680,2010-08-17,984.0,0
681,2010-08-18,1036.0,0
682,2010-08-19,1019.0,0
683,2010-08-20,1018.0,0
684,2010-08-23,1234.0,1
685,2010-08-24,1116.0,1
686,2010-08-25,966.0,1
687,2010-08-26,904.0,1
688,2010-08-27,860.0,1
689,2010-08-30,630.0,1
690,2010-08-31,648.0,1
691,2010-09-01,490.0,1
692,2010-09-02,487.0,1
693,2010-09-03,222.0,1
694,2010-09-06,-108.0,1
695,2010-09-07,-752.0,1
696,2010-09-08,-888.0,1
697,2010-09-09,-745.0,1
698,2010-09-10,-740.0,1
699,2010-09-13,-1145.0,1
700,2010-09-14,-999.0,1
701,2010-09-15,-1091.0,1
702,2010-09-16,-1007.0,1
703,2010-09-17,-727.0,1
704,2010-09-20,-910.0,1
705,2010-09-21,-1155.0,1
706,2010-09-27,-1869.0,0
707,2010-09-28,-380.0,1
708,2010-09-29,-349.0,1
709,2010-09-30,1105.0,1
710,2010-10-08,1044.0,1
711,2010-10-11,110.0,1
712,2010-10-12,-770.0,1
713,2010-10-13,-25.0,1
714,2010-10-14,130.0,1
715,2010-10-15,-557.0,0
716,2010-10-18,-53.0,1
717,2010-10-19,506.0,1
718,2010-10-20,586.0,1
719,2010-10-21,299.0,1
720,2010-10-22,-54.0,1
721,2010-10-25,174.0,1
722,2010-10-26,-681.0,1
723,2010-10-27,-1189.0,1
724,2010-10-28,-560.0,1
725,2010-10-29,-1501.0,1
726,2010-11-01,-485.0,1
727,2010-11-02,-1444.0,1
728,2010-11-03,-1365.0,1
729,2010-11-04,-2014.0,1
730,2010-11-05,-1944.0,1
731,2010-11-08,-3077.0,1
732,2010-11-09,-4079.0,0
733,2010-11-10,-3119.0,0
734,2010-11-11,-1489.0,0
735,2010-11-12,-43.0,0
736,2010-11-15,1991.0,0
737,2010-11-16,2866.0,0
738,2010-11-17,1586.0,0
739,2010-11-18,2317.0,0
740,2010-11-19,1422.0,0
741,2010-11-22,1466.0,0
742,2010-11-23,2485.0,0
743,2010-11-24,2656.0,0
744,2010-11-25,1533.0,0
745,2010-11-26,1632.0,1
746,2010-11-29,2221.0,1
747,2010-11-30,1049.0,1
748,2010-12-01,733.0,1
749,2010-12-02,784.0,1
750,2010-12-03,-116.0,1
751,2010-12-06,-464.0,0
752,2010-12-07,-520.0,0
753,2010-12-08,-776.0,0
754,2010-12-09,406.0,1
755,2010-12-10,424.0,1
756,2010-12-13,43.0,1
757,2010-12-14,-697.0,1
758,2010-12-15,-1163.0,0
759,2010-12-16,-283.0,1
760,2010-12-17,-508.0,1
761,2010-12-20,-646.0,0
762,2010-12-21,-1156.0,0
763,2010-12-22,-1671.0,0
764,2010-12-23,-291.0,1
765,2010-12-24,-428.0,0
766,2010-12-27,-375.0,0
767,2010-12-28,-240.0,1
768,2010-12-29,-287.0,1
769,2010-12-30,-169.0,1
770,2010-12-31,-447.0,1
771,2011-01-04,-857.0,1
772,2011-01-05,-629.0,1
773,2011-01-06,-661.0,1
774,2011-01-07,-1645.0,0
775,2011-01-10,-565.0,1
776,2011-01-11,-757.0,1
777,2011-01-12,-1144.0,1
778,2011-01-13,-1471.0,0
779,2011-01-14,-1373.0,1
780,2011-01-17,-1191.0,1
781,2011-01-18,-1315.0,1
782,2011-01-19,-1453.0,1
783,2011-01-20,-1932.0,1
784,2011-01-21,-1828.0,1
785,2011-01-24,-2974.0,1
786,2011-01-25,-3993.0,1
787,2011-01-26,-3300.0,1
788,2011-01-27,-3077.0,1
789,2011-01-28,-4134.0,1
790,2011-01-31,-3582.0,1
791,2011-02-01,-4128.0,1
792,2011-02-09,-5010.0,1
793,2011-02-10,-4394.0,1
794,2011-02-11,-4746.0,0
795,2011-02-14,-4487.0,1
796,2011-02-15,-3530.0,1
797,2011-02-16,-3668.0,1
798,2011-02-17,-4080.0,0
799,2011-02-18,-4343.0,0
800,2011-02-21,-3204.0,0
801,2011-02-22,-1874.0,0
802,2011-02-23,-1539.0,0
803,2011-02-24,-1388.0,1
804,2011-02-25,85.0,1
805,2011-02-28,-292.0,1
806,2011-03-01,-2122.0,1
807,2011-03-02,-2503.0,0
808,2011-03-03,-2682.0,0
809,2011-03-04,-1694.0,0
810,2011-03-07,-1537.0,0
811,2011-03-08,-2085.0,0
812,2011-03-09,-84.0,0
813,2011-03-10,-534.0,0
814,2011-03-11,43.0,0
815,2011-03-14,328.0,0
816,2011-03-15,1448.0,0
817,2011-03-16,2015.0,1
818,2011-03-17,993.0,1
819,2011-03-18,1106.0,1
820,2011-03-21,17.0,1
821,2011-03-22,361.0,1
822,2011-03-23,381.0,1
823,2011-03-24,-260.0,0
824,2011-03-25,282.0,0
825,2011-03-28,332.0,0
826,2011-03-29,1703.0,0
827,2011-03-30,1571.0,0
828,2011-03-31,1605.0,1
829,2011-04-01,1728.0,1
830,2011-04-06,1838.0,1
831,2011-04-07,872.0,1
832,2011-04-08,1043.0,1
833,2011-04-11,222.0,1
834,2011-04-12,-508.0,0
835,2011-04-13,-402.0,0
836,2011-04-14,-208.0,0
837,2011-04-15,768.0,0
838,2011-04-18,1061.0,0
839,2011-04-19,1125.0,0
840,2011-04-20,1525.0,1
841,2011-04-21,1240.0,1
842,2011-04-22,1026.0,0
843,2011-04-25,386.0,0
844,2011-04-26,695.0,0
845,2011-04-27,1025.0,0
846,2011-04-28,1381.0,0
847,2011-04-29,889.0,0
848,2011-05-03,647.0,0
849,2011-05-04,143.0,0
850,2011-05-05,767.0,0
851,2011-05-06,1820.0,1
852,2011-05-09,1291.0,1
853,2011-05-10,810.0,0
854,2011-05-11,95.0,1
855,2011-05-12,-349.0,1
856,2011-05-13,578.0,1
857,2011-05-16,-515.0,0
858,2011-05-17,-561.0,0
859,2011-05-18,-670.0,0
860,2011-05-19,-674.0,0
861,2011-05-20,-589.0,1
862,2011-05-23,-453.0,1
863,2011-05-24,-459.0,1
864,2011-05-25,-710.0,1
865,2011-05-26,-758.0,1
866,2011-05-27,-1056.0,1
867,2011-05-30,-976.0,1
868,2011-05-31,-982.0,1
869,2011-06-01,-1752.0,1
870,2011-06-02,-1740.0,1
871,2011-06-03,-1647.0,0
872,2011-06-07,-2328.0,0
873,2011-06-08,-1746.0,0
874,2011-06-09,-1335.0,0
875,2011-06-10,-1258.0,0
876,2011-06-13,-1419.0,0
877,2011-06-14,-939.0,0
878,2011-06-15,681.0,0
879,2011-06-16,352.0,0
880,2011-06-17,793.0,1
881,2011-06-20,793.0,1
882,2011-06-21,753.0,0
883,2011-06-22,517.0,0
884,2011-06-23,691.0,0
885,2011-06-24,1058.0,0
886,2011-06-27,946.0,0
887,2011-06-28,2013.0,1
888,2011-06-29,2077.0,1
889,2011-06-30,1733.0,0
890,2011-07-01,1256.0,0
891,2011-07-04,1642.0,1
892,2011-07-05,1274.0,1
893,2011-07-06,1118.0,1
894,2011-07-07,586.0,0
895,2011-07-08,651.0,0
896,2011-07-11,303.0,0
897,2011-07-12,809.0,0
898,2011-07-13,1396.0,1
899,2011-07-14,805.0,0
900,2011-07-15,692.0,1
901,2011-07-18,451.0,1
902,2011-07-19,57.0,0
903,2011-07-20,-324.0,0
904,2011-07-21,-154.0,1
905,2011-07-22,-314.0,0
906,2011-07-25,-614.0,1
907,2011-07-26,-710.0,1
908,2011-07-27,-821.0,0
909,2011-07-28,-1372.0,0
910,2011-07-29,-1339.0,0
911,2011-08-01,-1272.0,0
912,2011-08-02,-1375.0,0
913,2011-08-03,-1499.0,0
914,2011-08-04,-1410.0,0
915,2011-08-05,-1194.0,0
916,2011-08-08,-1308.0,0
917,2011-08-09,-1160.0,0
918,2011-08-10,-1185.0,1
919,2011-08-11,-1303.0,1
920,2011-08-12,-1367.0,1
921,2011-08-15,-1481.0,1
922,2011-08-16,-2131.0,1
923,2011-08-17,-2076.0,1
924,2011-08-18,-2243.0,1
925,2011-08-19,-2247.0,1
926,2011-08-22,-2435.0,1
927,2011-08-23,-2279.0,1
928,2011-08-24,-2374.0,1
929,2011-08-25,-2757.0,0
930,2011-08-26,-2668.0,0
931,2011-08-29,-2406.0,1
932,2011-08-30,-2448.0,0
933,2011-08-31,-2513.0,1
934,2011-09-01,-2438.0,0
935,2011-09-02,-2354.0,0
936,2011-09-05,-2398.0,0
937,2011-09-06,-2216.0,1
938,2011-09-07,-2081.0,1
939,2011-09-08,-2208.0,1
940,2011-09-09,-2582.0,0
941,2011-09-13,-2420.0,0
942,2011-09-14,-2346.0,0
943,2011-09-15,-2201.0,0
944,2011-09-16,-2236.0,0
945,2011-09-19,-2037.0,0
946,2011-09-20,-1877.0,0
947,2011-09-21,-1671.0,0
948,2011-09-22,-1673.0,0
949,2011-09-23,-1311.0,0
950,2011-09-26,-730.0,0
951,2011-09-27,-510.0,0
952,2011-09-28,-583.0,0
953,2011-09-29,-482.0,0
954,2011-09-30,-145.0,1
955,2011-10-10,-543.0,1
956,2011-10-11,-510.0,1
957,2011-10-12,-574.0,0
958,2011-10-13,-681.0,0
959,2011-10-14,-599.0,0
960,2011-10-17,-650.0,0
961,2011-10-18,-549.0,0
962,2011-10-19,-431.0,0
963,2011-10-20,-487.0,1
964,2011-10-21,-334.0,1
965,2011-10-24,-417.0,1
966,2011-10-25,-729.0,1
967,2011-10-26,-711.0,1
968,2011-10-27,-778.0,0
969,2011-10-28,-813.0,0
970,2011-10-31,-1013.0,0
971,2011-11-01,-846.0,1
972,2011-11-02,-829.0,1
973,2011-11-03,-978.0,1
974,2011-11-04,-954.0,1
975,2011-11-07,-1082.0,0
976,2011-11-08,-1039.0,0
977,2011-11-09,-1001.0,0
978,2011-11-10,-1034.0,1
979,2011-11-11,-947.0,1
980,2011-11-14,-1012.0,1
981,2011-11-15,-1153.0,1
982,2011-11-16,-1110.0,1
983,2011-11-17,-1158.0,0
984,2011-11-18,-1199.0,0
985,2011-11-21,-1164.0,0
986,2011-11-22,-1113.0,0
987,2011-11-23,-998.0,1
988,2011-11-24,-1047.0,1
989,2011-11-25,-1007.0,1
990,2011-11-28,-1193.0,1
991,2011-11-29,-1191.0,1
992,2011-11-30,-1243.0,1
993,2011-12-01,-1241.0,1
994,2011-12-02,-1400.0,1
995,2011-12-05,-1409.0,1
996,2011-12-06,-1519.0,1
997,2011-12-07,-1587.0,0
998,2011-12-08,-1589.0,0
999,2011-12-09,-1499.0,0
1000,2011-12-12,-1498.0,0
1001,2011-12-13,-1463.0,0
1002,2011-12-14,-1352.0,1
1003,2011-12-15,-1416.0,1
1004,2011-12-16,-1300.0,1
1005,2011-12-19,-1628.0,0
1006,2011-12-20,-1543.0,1
1007,2011-12-21,-1643.0,1
1008,2011-12-22,-1589.0,0
1009,2011-12-23,-1553.0,1
1010,2011-12-26,-1584.0,1
1011,2011-12-27,-1514.0,1
1012,2011-12-28,-1616.0,0
1013,2011-12-29,-1641.0,0
1014,2011-12-30,-1632.0,1
1015,2012-01-04,-1513.0,1
1016,2012-01-05,-1607.0,1
1017,2012-01-06,-1636.0,1
1018,2012-01-09,-1680.0,1
1019,2012-01-10,-1789.0,1
1020,2012-01-11,-1886.0,1
1021,2012-01-12,-1959.0,0
1022,2012-01-13,-2073.0,0
1023,2012-01-16,-1894.0,1
1024,2012-01-17,-1889.0,1
1025,2012-01-18,-2022.0,1
1026,2012-01-19,-2062.0,1
1027,2012-01-20,-2022.0,1
1028,2012-01-30,-2102.0,1
1029,2012-01-31,-2197.0,0
1030,2012-02-01,-2247.0,0
1031,2012-02-02,-2173.0,1
1032,2012-02-03,-2127.0,1
1033,2012-02-06,-2167.0,1
1034,2012-02-07,-2406.0,1
1035,2012-02-08,-2309.0,1
1036,2012-02-09,-3102.0,0
1037,2012-02-10,-2849.0,0
1038,2012-02-13,-2713.0,0
1039,2012-02-14,-2730.0,0
1040,2012-02-15,-2604.0,0
1041,2012-02-16,-2568.0,0
1042,2012-02-17,-2098.0,1
1043,2012-02-20,-2152.0,1
1044,2012-02-21,-2065.0,0
1045,2012-02-22,-2143.0,0
1046,2012-02-23,-2191.0,0
1047,2012-02-24,-2007.0,1
1048,2012-02-27,-1897.0,1
1049,2012-02-28,-2004.0,1
1050,2012-02-29,-2200.0,0
1051,2012-03-01,-2302.0,1
1052,2012-03-02,-2179.0,1
1053,2012-03-05,-2159.0,0
1054,2012-03-06,-2441.0,0
1055,2012-03-07,-2383.0,0
1056,2012-03-08,-2025.0,0
1057,2012-03-09,-2062.0,0
1058,2012-03-12,-2176.0,0
1059,2012-03-13,-1984.0,0
1060,2012-03-14,-2020.0,0
1061,2012-03-15,-1810.0,1
1062,2012-03-16,-1713.0,1
1063,2012-03-19,-1688.0,1
1064,2012-03-20,-1821.0,0
1065,2012-03-21,-1790.0,1
1066,2012-03-22,-1798.0,0
1067,2012-03-23,-1783.0,0
1068,2012-03-26,-1822.0,0
1069,2012-03-27,-1773.0,0
1070,2012-03-28,-1758.0,0
1071,2012-03-29,-1707.0,0
1072,2012-03-30,-1770.0,0
1073,2012-04-05,-1761.0,1
1074,2012-04-06,-1704.0,1
1075,2012-04-09,-1744.0,1
1076,2012-04-10,-1805.0,1
1077,2012-04-11,-2007.0,0
1078,2012-04-12,-1933.0,1
1079,2012-04-13,-1993.0,0
1080,2012-04-16,-1980.0,0
1081,2012-04-17,-1989.0,1
1082,2012-04-18,-1802.0,1
1083,2012-04-19,-1855.0,1
1084,2012-04-20,-2096.0,0
1085,2012-04-23,-2052.0,0
1086,2012-04-24,-1904.0,0
1087,2012-04-25,-1843.0,0
1088,2012-04-26,-1827.0,0
1089,2012-04-27,-1820.0,0
1090,2012-05-02,-1754.0,0
1091,2012-05-03,-1683.0,0
1092,2012-05-04,-1650.0,0
1093,2012-05-07,-1717.0,0
1094,2012-05-08,-1520.0,0
1095,2012-05-09,-1467.0,0
1096,2012-05-10,-1258.0,0
1097,2012-05-11,-1177.0,0
1098,2012-05-14,-391.0,0
1099,2012-05-15,-51.0,0
1100,2012-05-16,-13.0,0
1101,2012-05-17,70.0,1
1102,2012-05-18,175.0,1
1103,2012-05-21,-49.0,0
1104,2012-05-22,-290.0,0
1105,2012-05-23,-137.0,0
1106,2012-05-24,190.0,0
1107,2012-05-25,33.0,0
1108,2012-05-28,88.0,0
1109,2012-05-29,153.0,1
1110,2012-05-30,-22.0,0
1111,2012-05-31,29.0,0
1112,2012-06-01,36.0,1
1113,2012-06-04,147.0,1
1114,2012-06-05,40.0,1
1115,2012-06-06,-207.0,1
1116,2012-06-07,-205.0,1
1117,2012-06-08,-503.0,0
1118,2012-06-11,-507.0,0
1119,2012-06-12,-558.0,1
1120,2012-06-13,-519.0,1
1121,2012-06-14,-470.0,1
1122,2012-06-15,-707.0,1
1123,2012-06-18,-934.0,1
1124,2012-06-19,-1062.0,0
1125,2012-06-20,-1045.0,0
1126,2012-06-21,-1125.0,0
1127,2012-06-25,-765.0,1
1128,2012-06-26,-931.0,0
1129,2012-06-27,-891.0,1
1130,2012-06-28,-888.0,1
1131,2012-06-29,-967.0,1
1132,2012-07-02,-1041.0,1
1133,2012-07-03,-1282.0,1
1134,2012-07-04,-1359.0,0
1135,2012-07-05,-1259.0,1
1136,2012-07-06,-1381.0,0
1137,2012-07-09,-1316.0,0
1138,2012-07-10,-1322.0,1
1139,2012-07-11,-1329.0,0
1140,2012-07-12,-1246.0,1
1141,2012-07-13,-1287.0,0
1142,2012-07-16,-1268.0,0
1143,2012-07-17,-1338.0,0
1144,2012-07-18,-1120.0,1
1145,2012-07-19,-1155.0,0
1146,2012-07-20,-1280.0,0
1147,2012-07-23,-1198.0,0
1148,2012-07-24,-1102.0,0
1149,2012-07-25,-1108.0,0
1150,2012-07-26,-920.0,0
1151,2012-07-27,-855.0,0
1152,2012-07-30,-857.0,0
1153,2012-07-31,-549.0,1
1154,2012-08-01,-677.0,0
1155,2012-08-02,-691.0,1
1156,2012-08-03,-658.0,1
1157,2012-08-06,-563.0,1
1158,2012-08-07,-832.0,1
1159,2012-08-08,-1044.0,1
1160,2012-08-09,-913.0,1
1161,2012-08-10,-1021.0,0
1162,2012-08-13,-1033.0,1
1163,2012-08-14,-905.0,1
1164,2012-08-15,-944.0,1
1165,2012-08-16,-1076.0,1
1166,2012-08-17,-1079.0,1
1167,2012-08-20,-1048.0,1
1168,2012-08-21,-1119.0,1
1169,2012-08-22,-1207.0,0
1170,2012-08-23,-1243.0,0
1171,2012-08-24,-1177.0,0
1172,2012-08-27,-1025.0,1
1173,2012-08-28,-895.0,1
1174,2012-08-29,-909.0,1
1175,2012-08-30,-980.0,1
1176,2012-08-31,-1053.0,1
1177,2012-09-03,-1005.0,1
1178,2012-09-04,-1109.0,0
1179,2012-09-05,-953.0,1
1180,2012-09-06,-969.0,1
1181,2012-09-07,-939.0,1
1182,2012-09-10,-964.0,0
1183,2012-09-11,-990.0,0
1184,2012-09-12,-949.0,0
1185,2012-09-13,-939.0,1
1186,2012-09-14,-803.0,1
1187,2012-09-17,-853.0,1
1188,2012-09-18,-943.0,1
1189,2012-09-19,-1171.0,0
1190,2012-09-20,-1118.0,0
1191,2012-09-21,-1130.0,0
1192,2012-09-24,-1029.0,0
1193,2012-09-25,-817.0,0
1194,2012-09-26,-827.0,0
1195,2012-09-27,-730.0,1
1196,2012-09-28,-629.0,1
1197,2012-10-08,-734.0,1
1198,2012-10-09,-765.0,0
1199,2012-10-10,-893.0,0
1200,2012-10-11,-876.0,0
1201,2012-10-12,-755.0,1
1202,2012-10-15,-752.0,1
1203,2012-10-16,-743.0,1
1204,2012-10-17,-849.0,1
1205,2012-10-18,-938.0,1
1206,2012-10-19,-1125.0,0
1207,2012-10-22,-979.0,0
1208,2012-10-23,-1024.0,0
1209,2012-10-24,-920.0,0
1210,2012-10-25,-874.0,0
1211,2012-10-26,-882.0,1
1212,2012-10-29,-856.0,0
1213,2012-10-30,-795.0,1
1214,2012-10-31,-887.0,0
1215,2012-11-01,-816.0,0
1216,2012-11-02,-842.0,0
1217,2012-11-05,-784.0,0
1218,2012-11-06,-719.0,0
1219,2012-11-07,-456.0,0
1220,2012-11-08,-403.0,0
1221,2012-11-09,-376.0,0
1222,2012-11-12,-311.0,1
1223,2012-11-13,-330.0,1
1224,2012-11-14,-327.0,1
1225,2012-11-15,-345.0,0
1226,2012-11-16,-391.0,0
1227,2012-11-19,-362.0,0
1228,2012-11-20,-306.0,1
1229,2012-11-21,-288.0,1
1230,2012-11-22,-274.0,1
1231,2012-11-23,-324.0,1
1232,2012-11-26,-342.0,0
1233,2012-11-27,-333.0,0
1234,2012-11-28,-330.0,0
1235,2012-11-29,-244.0,1
1236,2012-11-30,-193.0,1
1237,2012-12-03,-177.0,1
1238,2012-12-04,-245.0,0
1239,2012-12-05,-174.0,1
1240,2012-12-06,-162.0,1
1241,2012-12-07,-153.0,0
1242,2012-12-10,-149.0,1
1243,2012-12-11,-285.0,0
1244,2012-12-12,-66.0,1
1245,2012-12-13,-126.0,1
1246,2012-12-14,-151.0,1
1247,2012-12-17,-177.0,1
1248,2012-12-18,-330.0,0
1249,2012-12-19,-258.0,0
1250,2012-12-20,-186.0,0
1251,2012-12-21,-67.0,1
1252,2012-12-24,-61.0,1
1253,2012-12-25,-54.0,1
1254,2012-12-26,-50.0,0
1255,2012-12-27,-68.0,0
1256,2012-12-28,-27.0,0
1257,2012-12-31,123.0,1
1258,2013-01-04,251.0,1
1259,2013-01-07,162.0,1
1260,2013-01-08,5.0,1
1261,2013-01-09,10.0,1
1262,2013-01-10,-13.0,1
1263,2013-01-11,-15.0,1
1264,2013-01-14,-62.0,1
1265,2013-01-15,-117.0,1
1266,2013-01-16,-127.0,1
1267,2013-01-17,-267.0,0
1268,2013-01-18,-267.0,0
1269,2013-01-21,-313.0,1
1270,2013-01-22,-189.0,1
1271,2013-01-23,-216.0,1
1272,2013-01-24,-429.0,1
1273,2013-01-25,-496.0,1
1274,2013-01-28,-589.0,1
1275,2013-01-29,-603.0,1
1276,2013-01-30,-1118.0,0
1277,2013-01-31,-1057.0,0
1278,2013-02-01,-1004.0,0
1279,2013-02-04,-850.0,0
1280,2013-02-05,-923.0,0
1281,2013-02-06,-899.0,0
1282,2013-02-07,-745.0,0
1283,2013-02-08,-497.0,1
1284,2013-02-18,-429.0,1
1285,2013-02-19,-530.0,1
1286,2013-02-20,-745.0,0
1287,2013-02-21,-672.0,0
1288,2013-02-22,-522.0,0
1289,2013-02-25,-598.0,0
1290,2013-02-26,-494.0,1
1291,2013-02-27,-366.0,1
1292,2013-02-28,-396.0,1
1293,2013-03-01,-550.0,1
1294,2013-03-04,-514.0,1
1295,2013-03-05,-754.0,1
1296,2013-03-06,-760.0,1
1297,2013-03-07,-819.0,0
1298,2013-03-08,-793.0,0
1299,2013-03-11,-906.0,1
1300,2013-03-12,-809.0,1
1301,2013-03-13,-751.0,1
1302,2013-03-14,-949.0,0
1303,2013-03-15,-944.0,0
1304,2013-03-18,-1011.0,0
1305,2013-03-19,-778.0,1
1306,2013-03-20,-797.0,1
1307,2013-03-21,-796.0,0
1308,2013-03-22,-837.0,1
1309,2013-03-25,-790.0,1
1310,2013-03-26,-772.0,1
1311,2013-03-27,-908.0,1
1312,2013-03-28,-889.0,1
1313,2013-03-29,-862.0,1
1314,2013-04-01,-930.0,0
1315,2013-04-02,-903.0,1
1316,2013-04-03,-890.0,1
1317,2013-04-08,-837.0,1
1318,2013-04-09,-922.0,1
1319,2013-04-10,-890.0,0
1320,2013-04-11,-999.0,0
1321,2013-04-12,-919.0,0
1322,2013-04-15,-873.0,0
1323,2013-04-16,-785.0,0
1324,2013-04-17,-783.0,0
1325,2013-04-18,-805.0,0
1326,2013-04-19,-782.0,0
1327,2013-04-22,-514.0,0
1328,2013-04-23,-582.0,0
1329,2013-04-24,-560.0,0
1330,2013-04-25,-506.0,0
1331,2013-04-26,-464.0,1
1332,2013-05-02,-545.0,1
1333,2013-05-03,-510.0,1
1334,2013-05-06,-627.0,1
1335,2013-05-07,-709.0,1
1336,2013-05-08,-715.0,1
1337,2013-05-09,-738.0,1
1338,2013-05-10,-826.0,0
1339,2013-05-13,-959.0,0
1340,2013-05-14,-824.0,0
1341,2013-05-15,-818.0,0
1342,2013-05-16,-794.0,1
1343,2013-05-17,-770.0,1
1344,2013-05-20,-815.0,1
1345,2013-05-21,-892.0,0
1346,2013-05-22,-857.0,0
1347,2013-05-23,-812.0,0
1348,2013-05-24,-798.0,1
1349,2013-05-27,-805.0,0
1350,2013-05-28,-802.0,0
1351,2013-05-29,-845.0,0
1352,2013-05-30,-795.0,1
1353,2013-05-31,-762.0,1
1354,2013-06-03,-784.0,1
1355,2013-06-04,-830.0,1
1356,2013-06-05,-875.0,1
1357,2013-06-06,-883.0,1
1358,2013-06-07,-875.0,0
1359,2013-06-13,-904.0,0
1360,2013-06-14,-1027.0,0
1361,2013-06-17,-747.0,0
1362,2013-06-18,-566.0,1
1363,2013-06-19,-646.0,0
1364,2013-06-20,-660.0,1
1365,2013-06-21,-588.0,1
1366,2013-06-24,-604.0,1
1367,2013-06-25,-672.0,1
1368,2013-06-26,-695.0,0
1369,2013-06-27,-723.0,0
1370,2013-06-28,-740.0,0
1371,2013-07-01,-650.0,1
1372,2013-07-02,-658.0,1
1373,2013-07-03,-685.0,1
1374,2013-07-04,-710.0,1
1375,2013-07-05,-731.0,0
1376,2013-07-08,-710.0,0
1377,2013-07-09,-720.0,0
1378,2013-07-10,-623.0,0
1379,2013-07-11,-440.0,1
1380,2013-07-12,-547.0,1
1381,2013-07-15,-519.0,1
1382,2013-07-16,-515.0,1
1383,2013-07-17,-595.0,1
1384,2013-07-18,-597.0,1
1385,2013-07-19,-620.0,1
1386,2013-07-22,-649.0,1
1387,2013-07-23,-674.0,1
1388,2013-07-24,-661.0,0
1389,2013-07-25,-719.0,0
1390,2013-07-26,-741.0,0
1391,2013-07-29,-583.0,1
1392,2013-07-30,-476.0,1
1393,2013-07-31,-539.0,1
1394,2013-08-01,-618.0,0
1395,2013-08-02,-603.0,1
1396,2013-08-05,-615.0,0
1397,2013-08-06,-618.0,0
1398,2013-08-07,-618.0,0
1399,2013-08-08,-554.0,0
1400,2013-08-09,-559.0,1
1401,2013-08-12,-594.0,1
1402,2013-08-13,-520.0,1
1403,2013-08-14,-618.0,1
1404,2013-08-15,-659.0,0
1405,2013-08-16,-575.0,1
1406,2013-08-19,-621.0,0
1407,2013-08-20,-635.0,0
1408,2013-08-21,-645.0,0
1409,2013-08-22,-591.0,1
1410,2013-08-23,-577.0,1
1411,2013-08-26,-604.0,1
1412,2013-08-27,-765.0,0
1413,2013-08-28,-732.0,0
1414,2013-08-29,-728.0,0
1415,2013-08-30,-697.0,1
1416,2013-09-02,-705.0,0
1417,2013-09-03,-716.0,0
1418,2013-09-04,-743.0,0
1419,2013-09-05,-550.0,1
1420,2013-09-06,-506.0,1
1421,2013-09-09,-491.0,1
1422,2013-09-10,-556.0,0
1423,2013-09-11,-538.0,1
1424,2013-09-12,-527.0,1
1425,2013-09-13,-534.0,1
1426,2013-09-16,-558.0,1
1427,2013-09-17,-598.0,1
1428,2013-09-18,-609.0,1
1429,2013-09-23,-641.0,0
1430,2013-09-24,-645.0,0
1431,2013-09-25,-618.0,1
1432,2013-09-26,-613.0,1
1433,2013-09-27,-620.0,1
1434,2013-09-30,-698.0,1
1435,2013-10-08,-767.0,1
1436,2013-10-09,-462.0,1
1437,2013-10-10,-521.0,0
1438,2013-10-11,-468.0,0
1439,2013-10-14,-477.0,0
1440,2013-10-15,582.0,0
1441,2013-10-16,554.0,0
1442,2013-10-17,605.0,0
1443,2013-10-18,794.0,0
1444,2013-10-21,822.0,0
1445,2013-10-22,845.0,0
1446,2013-10-23,877.0,0
1447,2013-10-24,945.0,0
1448,2013-10-25,1045.0,0
1449,2013-10-28,1064.0,0
1450,2013-10-29,1141.0,1
1451,2013-10-30,1137.0,1
1452,2013-10-31,1093.0,1
1453,2013-11-01,966.0,0
1454,2013-11-04,949.0,0
1455,2013-11-05,984.0,0
1456,2013-11-06,1015.0,1
1457,2013-11-07,1130.0,1
1458,2013-11-08,1131.0,1
1459,2013-11-11,1046.0,1
1460,2013-11-12,1001.0,1
1461,2013-11-13,1099.0,1
1462,2013-11-14,1075.0,0
1463,2013-11-15,1028.0,0
1464,2013-11-18,1100.0,0
1465,2013-11-19,1303.0,1
1466,2013-11-20,1296.0,1
1467,2013-11-21,1130.0,0
1468,2013-11-22,1063.0,0
1469,2013-11-25,1067.0,0
1470,2013-11-26,1121.0,1
1471,2013-11-27,1045.0,1
1472,2013-11-28,1085.0,1
1473,2013-11-29,995.0,1
1474,2013-12-02,913.0,1
1475,2013-12-03,772.0,0
1476,2013-12-04,820.0,1
1477,2013-12-05,785.0,1
1478,2013-12-06,801.0,1
1479,2013-12-09,732.0,1
1480,2013-12-10,697.0,0
1481,2013-12-11,705.0,1
1482,2013-12-12,694.0,0
1483,2013-12-13,689.0,0
1484,2013-12-16,693.0,0
1485,2013-12-17,718.0,1
1486,2013-12-18,721.0,1
1487,2013-12-19,728.0,1
1488,2013-12-20,676.0,0
1489,2013-12-23,680.0,1
1490,2013-12-24,734.0,1
1491,2013-12-25,681.0,1
1492,2013-12-26,656.0,1
1493,2013-12-27,546.0,1
1494,2013-12-30,220.0,1
1495,2013-12-31,343.0,1
1496,2014-01-02,189.0,0
1497,2014-01-03,145.0,1
1498,2014-01-06,209.0,1
1499,2014-01-07,231.0,1
1500,2014-01-08,37.0,1
1501,2014-01-09,-248.0,1
1502,2014-01-10,-184.0,1
1503,2014-01-13,-148.0,1
1504,2014-01-14,-310.0,1
1505,2014-01-15,-468.0,0
1506,2014-01-16,-449.0,0
1507,2014-01-17,-383.0,1
1508,2014-01-20,-473.0,0
1509,2014-01-21,-406.0,0
1510,2014-01-22,-413.0,1
1511,2014-01-23,-402.0,1
1512,2014-01-24,-367.0,0
1513,2014-01-27,-431.0,0
1514,2014-01-28,-384.0,0
1515,2014-01-29,-271.0,1
1516,2014-01-30,-309.0,1
1517,2014-02-07,-313.0,1
1518,2014-02-10,-437.0,1
1519,2014-02-11,-605.0,0
1520,2014-02-12,-491.0,1
1521,2014-02-13,-565.0,0
1522,2014-02-14,-461.0,1
1523,2014-02-17,-617.0,0
1524,2014-02-18,-554.0,0
1525,2014-02-19,-500.0,1
1526,2014-02-20,-585.0,0
1527,2014-02-21,-512.0,0
1528,2014-02-24,-527.0,0
1529,2014-02-25,-341.0,0
1530,2014-02-26,-313.0,0
1531,2014-02-27,-122.0,0
1532,2014-02-28,65.0,0
1533,2014-03-03,701.0,1
1534,2014-03-04,281.0,1
1535,2014-03-05,171.0,1
1536,2014-03-06,100.0,0
1537,2014-03-07,169.0,0
1538,2014-03-10,116.0,0
1539,2014-03-11,433.0,0
1540,2014-03-12,475.0,0
1541,2014-03-13,637.0,1
1542,2014-03-14,527.0,0
1543,2014-03-17,520.0,0
1544,2014-03-18,480.0,0
1545,2014-03-19,3297.0,1
1546,2014-03-20,3248.0,0
1547,2014-03-21,3243.0,0
1548,2014-03-24,3202.0,0
1549,2014-03-25,3247.0,0
1550,2014-03-26,3434.0,0
1551,2014-03-27,3426.0,0
1552,2014-03-28,3639.0,1
1553,2014-03-31,3607.0,1
1554,2014-04-01,3436.0,0
1555,2014-04-02,3473.0,0
1556,2014-04-03,3515.0,1
1557,2014-04-04,3590.0,1
1558,2014-04-08,3150.0,1
1559,2014-04-09,2747.0,0
1560,2014-04-10,2593.0,1
1561,2014-04-11,2476.0,1
1562,2014-04-14,2405.0,1
1563,2014-04-15,2367.0,1
1564,2014-04-16,2288.0,1
1565,2014-04-17,2259.0,0
1566,2014-04-18,2167.0,0
1567,2014-04-21,2186.0,0
1568,2014-04-22,2261.0,1
1569,2014-04-23,2172.0,1
1570,2014-04-24,2098.0,1
1571,2014-04-25,1893.0,1
1572,2014-04-28,1756.0,1
1573,2014-04-29,1518.0,0
1574,2014-04-30,1422.0,0
1575,2014-05-05,1368.0,0
1576,2014-05-06,1340.0,0
1577,2014-05-07,1435.0,0
1578,2014-05-08,1450.0,0
1579,2014-05-09,1466.0,0
1580,2014-05-12,1447.0,1
1581,2014-05-13,1555.0,1
1582,2014-05-14,1525.0,0
1583,2014-05-15,1408.0,0
1584,2014-05-16,1433.0,0
1585,2014-05-19,1517.0,0
1586,2014-05-20,1605.0,1
1587,2014-05-21,1542.0,0
1588,2014-05-22,1515.0,0
1589,2014-05-23,1539.0,0
1590,2014-05-26,1542.0,0
1591,2014-05-27,1542.0,0
1592,2014-05-28,1572.0,0
1593,2014-05-29,1665.0,0
1594,2014-05-30,1662.0,0
1595,2014-06-03,1682.0,0
1596,2014-06-04,1895.0,0
1597,2014-06-05,1945.0,0
1598,2014-06-06,2050.0,1
1599,2014-06-09,1939.0,1
1600,2014-06-10,2001.0,1
1601,2014-06-11,1908.0,0
1602,2014-06-12,1865.0,1
1603,2014-06-13,1939.0,1
1604,2014-06-16,1922.0,0
1605,2014-06-17,1752.0,0
1606,2014-06-18,1831.0,0
1607,2014-06-19,1978.0,1
1608,2014-06-20,1878.0,0
1609,2014-06-23,1898.0,0
1610,2014-06-24,1875.0,0
1611,2014-06-25,1898.0,0
1612,2014-06-26,1937.0,0
1613,2014-06-27,1980.0,0
1614,2014-06-30,1967.0,0
1615,2014-07-01,1922.0,0
1616,2014-07-02,2074.0,0
1617,2014-07-03,2318.0,0
1618,2014-07-04,2523.0,0
1619,2014-07-07,2468.0,0
1620,2014-07-08,2799.0,0
1621,2014-07-09,2681.0,0
1622,2014-07-10,2768.0,0
1623,2014-07-11,2907.0,0
1624,2014-07-14,3043.0,1
1625,2014-07-15,3040.0,1
1626,2014-07-16,3040.0,1
1627,2014-07-17,2863.0,1
1628,2014-07-18,2891.0,1
1629,2014-07-21,2829.0,1
1630,2014-07-22,2794.0,1
1631,2014-07-23,2612.0,0
1632,2014-07-24,2604.0,0
1633,2014-07-25,2713.0,0
1634,2014-07-28,2803.0,1
1635,2014-07-29,2837.0,1
1636,2014-07-30,2766.0,0
1637,2014-07-31,2747.0,1
1638,2014-08-01,2759.0,1
1639,2014-08-04,3118.0,1
1640,2014-08-05,2627.0,1
1641,2014-08-06,2497.0,1
1642,2014-08-07,2445.0,1
1643,2014-08-08,2399.0,1
1644,2014-08-11,2410.0,1
1645,2014-08-12,2190.0,0
1646,2014-08-13,2244.0,0
1647,2014-08-14,2353.0,0
1648,2014-08-15,2289.0,0
1649,2014-08-18,2356.0,0
1650,2014-08-19,2674.0,1
1651,2014-08-20,2748.0,0
1652,2014-08-21,2667.0,0
1653,2014-08-22,2541.0,1
1654,2014-08-25,2711.0,1
1655,2014-08-26,2695.0,0
1656,2014-08-27,2462.0,0
1657,2014-08-28,2517.0,0
1658,2014-08-29,2730.0,0
1659,2014-09-01,2767.0,0
1660,2014-09-02,3082.0,1
1661,2014-09-03,2987.0,0
1662,2014-09-04,2912.0,0
1663,2014-09-05,3022.0,0
1664,2014-09-09,3331.0,1
1665,2014-09-10,3288.0,0
1666,2014-09-11,3241.0,1
1667,2014-09-12,3280.0,1
1668,2014-09-15,3318.0,1
1669,2014-09-16,3141.0,0
1670,2014-09-17,3218.0,0
1671,2014-09-18,2968.0,0
1672,2014-09-19,3346.0,0
1673,2014-09-22,3715.0,0
1674,2014-09-23,3690.0,0
1675,2014-09-24,3260.0,0
1676,2014-09-25,3503.0,1
1677,2014-09-26,3258.0,1
1678,2014-09-29,2788.0,1
1679,2014-09-30,1962.0,0
1680,2014-10-08,2033.0,1
1681,2014-10-09,1742.0,1
1682,2014-10-10,1860.0,1
1683,2014-10-13,1631.0,1
1684,2014-10-14,1315.0,1
1685,2014-10-15,1152.0,1
1686,2014-10-16,1192.0,1
1687,2014-10-17,1042.0,1
1688,2014-10-20,1035.0,1
1689,2014-10-21,784.0,0
1690,2014-10-22,851.0,0
1691,2014-10-23,912.0,0
1692,2014-10-24,1008.0,0
1693,2014-10-27,938.0,0
1694,2014-10-28,1227.0,1
1695,2014-10-29,1197.0,1
1696,2014-10-30,1063.0,0
1697,2014-10-31,1074.0,0
1698,2014-11-03,1176.0,0
1699,2014-11-04,1371.0,1
1700,2014-11-05,1321.0,0
1701,2014-11-06,1460.0,1
1702,2014-11-07,1370.0,1
1703,2014-11-10,1375.0,0
1704,2014-11-11,1327.0,0
1705,2014-11-12,1371.0,0
1706,2014-11-13,1487.0,0
1707,2014-11-14,1581.0,0
1708,2014-11-17,1781.0,0
1709,2014-11-18,2023.0,0
1710,2014-11-19,1846.0,0
1711,2014-11-20,1891.0,0
1712,2014-11-21,2061.0,1
1713,2014-11-24,2061.0,0
1714,2014-11-25,2206.0,1
1715,2014-11-26,1793.0,1
1716,2014-11-27,1933.0,1
1717,2014-11-28,1457.0,0
1718,2014-12-01,1425.0,1
1719,2014-12-02,1433.0,1
1720,2014-12-03,1307.0,1
1721,2014-12-04,1199.0,1
1722,2014-12-05,936.0,0
1723,2014-12-08,868.0,0
1724,2014-12-09,843.0,0
1725,2014-12-10,964.0,1
1726,2014-12-11,850.0,1
1727,2014-12-12,750.0,1
1728,2014-12-15,471.0,0
1729,2014-12-16,546.0,0
1730,2014-12-17,620.0,0
1731,2014-12-18,765.0,0
1732,2014-12-19,798.0,1
1733,2014-12-22,783.0,1
1734,2014-12-23,790.0,1
1735,2014-12-24,759.0,1
1736,2014-12-25,686.0,1
1737,2014-12-26,485.0,1
1738,2014-12-29,577.0,1
1739,2014-12-30,434.0,0
1740,2014-12-31,252.0,0
1741,2015-01-05,345.0,0
1742,2015-01-06,576.0,1
1743,2015-01-07,495.0,1
1744,2015-01-08,533.0,1
1745,2015-01-09,458.0,0
1746,2015-01-12,492.0,0
1747,2015-01-13,516.0,0
1748,2015-01-14,680.0,1
1749,2015-01-15,695.0,1
1750,2015-01-16,600.0,1
1751,2015-01-19,440.0,0
1752,2015-01-20,392.0,0
1753,2015-01-21,402.0,0
1754,2015-01-22,491.0,0
1755,2015-01-23,460.0,0
1756,2015-01-26,447.0,1
1757,2015-01-27,539.0,1
1758,2015-01-28,459.0,1
1759,2015-01-29,319.0,0
1760,2015-01-30,237.0,0
1761,2015-02-02,369.0,1
1762,2015-02-03,375.0,1
1763,2015-02-04,298.0,1
1764,2015-02-05,132.0,0
1765,2015-02-06,317.0,1
1766,2015-02-09,241.0,1
1767,2015-02-10,210.0,0
1768,2015-02-11,182.0,1
1769,2015-02-12,203.0,1
1770,2015-02-13,250.0,1
1771,2015-02-16,161.0,1
1772,2015-02-17,139.0,1
1773,2015-02-25,132.0,1
1774,2015-02-26,113.0,1
1775,2015-02-27,0.0,0
1776,2015-03-02,42.0,0
1777,2015-03-03,86.0,0
1778,2015-03-04,241.0,0
1779,2015-03-05,287.0,0
1780,2015-03-06,315.0,0
1781,2015-03-09,318.0,0
1782,2015-03-10,365.0,1
1783,2015-03-11,398.0,1
1784,2015-03-12,405.0,1
1785,2015-03-13,322.0,0
1786,2015-03-16,326.0,0
1787,2015-03-17,328.0,0
1788,2015-03-18,372.0,1
1789,2015-03-19,437.0,1
1790,2015-03-20,470.0,1
1791,2015-03-23,268.0,1
1792,2015-03-24,136.0,0
1793,2015-03-25,111.0,0
1794,2015-03-26,226.0,0
1795,2015-03-27,261.0,0
1796,2015-03-30,193.0,0
1797,2015-03-31,305.0,0
1798,2015-04-01,390.0,0
1799,2015-04-02,468.0,0
1800,2015-04-03,471.0,1
1801,2015-04-07,497.0,1
1802,2015-04-08,552.0,1
1803,2015-04-09,411.0,0
1804,2015-04-10,418.0,0
1805,2015-04-13,527.0,1
1806,2015-04-14,488.0,1
1807,2015-04-15,448.0,1
1808,2015-04-16,472.0,1
1809,2015-04-17,350.0,1
1810,2015-04-20,395.0,1
1811,2015-04-21,369.0,1
1812,2015-04-22,303.0,1
1813,2015-04-23,79.0,1
1814,2015-04-24,292.0,1
1815,2015-04-27,161.0,1
1816,2015-04-28,-47.0,0
1817,2015-04-29,-21.0,1
1818,2015-04-30,27.0,1
1819,2015-05-04,-10.0,1
1820,2015-05-05,-209.0,0
1821,2015-05-06,-117.0,0
1822,2015-05-07,-132.0,0
1823,2015-05-08,54.0,0
1824,2015-05-11,141.0,0
1825,2015-05-12,68.0,0
1826,2015-05-13,202.0,1
1827,2015-05-14,226.0,1
1828,2015-05-15,131.0,0
1829,2015-05-18,111.0,0
1830,2015-05-19,84.0,0
1831,2015-05-20,219.0,0
1832,2015-05-21,356.0,0
1833,2015-05-22,296.0,0
1834,2015-05-25,345.0,1
1835,2015-05-26,376.0,1
1836,2015-05-27,275.0,1
1837,2015-05-28,263.0,1
1838,2015-05-29,253.0,1
1839,2015-06-01,193.0,0
1840,2015-06-02,187.0,0
1841,2015-06-03,222.0,0
1842,2015-06-04,203.0,0
1843,2015-06-05,243.0,0
1844,2015-06-08,250.0,0
1845,2015-06-09,278.0,0
1846,2015-06-10,289.0,0
1847,2015-06-11,279.0,0
1848,2015-06-12,486.0,0
1849,2015-06-15,590.0,1
1850,2015-06-16,653.0,1
1851,2015-06-17,611.0,0
1852,2015-06-18,582.0,0
1853,2015-06-19,627.0,1
1854,2015-06-23,620.0,0
1855,2015-06-24,605.0,1
1856,2015-06-25,567.0,1
1857,2015-06-26,597.0,1
1858,2015-06-29,536.0,1
1859,2015-06-30,468.0,1
1860,2015-07-01,523.0,1
1861,2015-07-02,398.0,1
1862,2015-07-03,-51.0,0
1863,2015-07-06,-77.0,0
1864,2015-07-07,51.0,0
1865,2015-07-08,161.0,0
1866,2015-07-09,608.0,1
1867,2015-07-10,302.0,0
1868,2015-07-13,238.0,0
1869,2015-07-14,348.0,0
1870,2015-07-15,436.0,0
1871,2015-07-16,465.0,1
1872,2015-07-17,520.0,1
1873,2015-07-20,515.0,1
1874,2015-07-21,440.0,0
1875,2015-07-22,434.0,1
1876,2015-07-23,456.0,1
1877,2015-07-24,469.0,1
1878,2015-07-27,413.0,1
1879,2015-07-28,445.0,1
1880,2015-07-29,345.0,0
1881,2015-07-30,389.0,0
1882,2015-07-31,393.0,0
1883,2015-08-03,503.0,0
1884,2015-08-04,466.0,0
1885,2015-08-05,498.0,0
1886,2015-08-06,601.0,0
1887,2015-08-07,764.0,1
1888,2015-08-10,741.0,1
1889,2015-08-11,781.0,1
1890,2015-08-12,712.0,1
1891,2015-08-13,692.0,1
1892,2015-08-14,460.0,0
1893,2015-08-17,518.0,1
1894,2015-08-18,441.0,1
1895,2015-08-19,493.0,0
1896,2015-08-20,352.0,0
1897,2015-08-21,438.0,0
1898,2015-08-24,558.0,0
1899,2015-08-25,618.0,0
1900,2015-08-26,672.0,1
1901,2015-08-27,726.0,1
1902,2015-08-28,631.0,1
1903,2015-08-31,670.0,1
1904,2015-09-01,719.0,1
1905,2015-09-07,617.0,1
1906,2015-09-08,561.0,1
1907,2015-09-09,582.0,1
1908,2015-09-10,515.0,0
1909,2015-09-11,467.0,0
1910,2015-09-14,510.0,0
1911,2015-09-15,539.0,0
1912,2015-09-16,544.0,0
1913,2015-09-17,582.0,0
1914,2015-09-18,618.0,0
1915,2015-09-21,659.0,1
1916,2015-09-22,664.0,1
1917,2015-09-23,691.0,1
1918,2015-09-24,582.0,0
1919,2015-09-25,540.0,0
1920,2015-09-28,681.0,0
1921,2015-09-29,921.0,1
1922,2015-09-30,879.0,1
1923,2015-10-08,781.0,0
1924,2015-10-09,821.0,0
1925,2015-10-12,848.0,1
1926,2015-10-13,870.0,0
1927,2015-10-14,857.0,0
1928,2015-10-15,834.0,0
1929,2015-10-16,1030.0,0
1930,2015-10-19,1118.0,0
1931,2015-10-20,1211.0,0
1932,2015-10-21,1151.0,0
1933,2015-10-22,1113.0,0
1934,2015-10-23,1322.0,1
1935,2015-10-26,1275.0,0
1936,2015-10-27,1293.0,0
1937,2015-10-28,1238.0,0
1938,2015-10-29,1273.0,1
1939,2015-10-30,1279.0,1
1940,2015-11-02,1249.0,1
1941,2015-11-03,1159.0,0
1942,2015-11-04,1231.0,0
1943,2015-11-05,1221.0,0
1944,2015-11-06,1312.0,1
1945,2015-11-09,1367.0,1
1946,2015-11-10,1246.0,1
1947,2015-11-11,1182.0,1
1948,2015-11-12,1224.0,1
1949,2015-11-13,1198.0,1
1950,2015-11-16,1095.0,1
1951,2015-11-17,1097.0,1
1952,2015-11-18,952.0,0
1953,2015-11-19,979.0,0
1954,2015-11-20,1110.0,1
1955,2015-11-23,1031.0,0
1956,2015-11-24,1123.0,0
1957,2015-11-25,1083.0,0
1958,2015-11-26,1139.0,0
1959,2015-11-27,1156.0,0
1960,2015-11-30,1298.0,1
1961,2015-12-01,1289.0,0
1962,2015-12-02,1270.0,0
1963,2015-12-03,1253.0,0
1964,2015-12-04,1410.0,0
1965,2015-12-07,1390.0,0
1966,2015-12-08,1314.0,0
1967,2015-12-09,1508.0,0
1968,2015-12-10,1480.0,0
1969,2015-12-11,1647.0,1
1970,2015-12-14,1509.0,1
1971,2015-12-15,1493.0,0
1972,2015-12-16,1528.0,0
1973,2015-12-17,1475.0,1
1974,2015-12-18,1557.0,1
1975,2015-12-21,1526.0,0
1976,2015-12-22,1386.0,0
1977,2015-12-23,1430.0,0
1978,2015-12-24,1542.0,1
1979,2015-12-25,1537.0,1
1980,2015-12-28,1451.0,0
1981,2015-12-29,1474.0,0
1982,2015-12-30,1456.0,0
1983,2015-12-31,1498.0,0
1984,2016-01-04,1522.0,0
1985,2016-01-05,1643.0,1
1986,2016-01-06,1723.0,1
1987,2016-01-07,1600.0,0
1988,2016-01-08,1584.0,0
1989,2016-01-11,1481.0,0
1990,2016-01-12,1493.0,1
1991,2016-01-13,1487.0,0
1992,2016-01-14,1452.0,0
1993,2016-01-15,1431.0,0
1994,2016-01-18,1464.0,1
1995,2016-01-19,1463.0,1
1996,2016-01-20,1349.0,1
1997,2016-01-21,1197.0,1
1998,2016-01-22,1145.0,1
1999,2016-01-25,1078.0,1
2000,2016-01-26,1036.0,0
2001,2016-01-27,1015.0,0
2002,2016-01-28,939.0,0
2003,2016-01-29,953.0,1
2004,2016-02-01,973.0,0
2005,2016-02-02,958.0,0
2006,2016-02-03,858.0,0
2007,2016-02-04,1607.0,0
2008,2016-02-05,1727.0,0
2009,2016-02-15,1746.0,0
2010,2016-02-16,1906.0,1
2011,2016-02-17,1795.0,0
2012,2016-02-18,1740.0,0
2013,2016-02-19,1672.0,0
2014,2016-02-22,1759.0,0
2015,2016-02-23,1704.0,0
2016,2016-02-24,1715.0,0
2017,2016-02-25,1868.0,0
2018,2016-02-26,2030.0,0
2019,2016-02-29,2039.0,0
2020,2016-03-01,2100.0,1
2021,2016-03-02,2043.0,1
2022,2016-03-03,2036.0,1
2023,2016-03-04,1913.0,1
2024,2016-03-07,1828.0,1
2025,2016-03-08,1480.0,0
2026,2016-03-09,1605.0,0
2027,2016-03-10,1723.0,0
2028,2016-03-11,1827.0,0
2029,2016-03-14,1895.0,1
2030,2016-03-15,1868.0,1
2031,2016-03-16,1855.0,1
2032,2016-03-17,1838.0,1
2033,2016-03-18,1756.0,1
2034,2016-03-21,1522.0,1
2035,2016-03-22,1267.0,0
2036,2016-03-23,1259.0,0
2037,2016-03-24,1163.0,0
2038,2016-03-25,1334.0,0
2039,2016-03-28,1262.0,0
2040,2016-03-29,1327.0,0
2041,2016-03-30,1444.0,1
2042,2016-03-31,1384.0,1
2043,2016-04-01,1478.0,1
2044,2016-04-05,1439.0,1
2045,2016-04-06,1372.0,1
2046,2016-04-07,1257.0,1
2047,2016-04-08,1320.0,1
2048,2016-04-11,1301.0,1
2049,2016-04-12,917.0,1
2050,2016-04-13,875.0,1
2051,2016-04-14,491.0,1
2052,2016-04-15,338.0,1
2053,2016-04-18,695.0,1
2054,2016-04-19,226.0,1
2055,2016-04-20,-92.0,1
2056,2016-04-21,-475.0,1
2057,2016-04-22,-1084.0,0
2058,2016-04-25,-471.0,0
2059,2016-04-26,-443.0,0
2060,2016-04-27,-572.0,0
2061,2016-04-28,-436.0,0
2062,2016-04-29,22.0,1
2063,2016-05-03,-183.0,1
2064,2016-05-04,-380.0,0
2065,2016-05-05,-139.0,0
2066,2016-05-06,-153.0,0
2067,2016-05-09,115.0,0
2068,2016-05-10,311.0,1
2069,2016-05-11,238.0,1
2070,2016-05-12,152.0,1
2071,2016-05-13,-7.0,0
2072,2016-05-16,223.0,1
2073,2016-05-17,191.0,1
2074,2016-05-18,71.0,1
2075,2016-05-19,-31.0,0
2076,2016-05-20,-219.0,0
2077,2016-05-23,-215.0,0
2078,2016-05-24,146.0,1
2079,2016-05-25,141.0,1
2080,2016-05-26,81.0,1
2081,2016-05-27,-468.0,0
2082,2016-05-30,-523.0,0
2083,2016-05-31,-755.0,0
2084,2016-06-01,-227.0,0
2085,2016-06-02,40.0,1
2086,2016-06-03,26.0,1
2087,2016-06-06,148.0,1
2088,2016-06-07,-56.0,1
2089,2016-06-08,-373.0,0
2090,2016-06-13,-263.0,0
2091,2016-06-14,-369.0,0
2092,2016-06-15,-177.0,1
2093,2016-06-16,-111.0,1
2094,2016-06-17,-331.0,1
2095,2016-06-20,-813.0,0
2096,2016-06-21,-769.0,1
2097,2016-06-22,-457.0,1
2098,2016-06-23,-628.0,1
2099,2016-06-24,-798.0,1
2100,2016-06-27,-713.0,1
2101,2016-06-28,-981.0,1
2102,2016-06-29,-1451.0,1
2103,2016-06-30,-1854.0,1
2104,2016-07-01,-1650.0,1
2105,2016-07-04,-1450.0,1
2106,2016-07-05,-2092.0,0
2107,2016-07-06,-1371.0,0
2108,2016-07-07,-1243.0,1
2109,2016-07-08,-1272.0,1
2110,2016-07-11,-684.0,1
2111,2016-07-12,-1380.0,1
2112,2016-07-13,-1714.0,1
2113,2016-07-14,-1964.0,1
2114,2016-07-15,-2013.0,0
2115,2016-07-18,-1977.0,0
2116,2016-07-19,-1584.0,0
2117,2016-07-20,-1288.0,0
2118,2016-07-21,-413.0,1
2119,2016-07-22,-340.0,0
2120,2016-07-25,93.0,1
2121,2016-07-26,-52.0,0
2122,2016-07-27,-161.0,0
2123,2016-07-28,-358.0,0
2124,2016-07-29,510.0,0
2125,2016-08-01,763.0,0
2126,2016-08-02,452.0,0
2127,2016-08-03,490.0,1
2128,2016-08-04,613.0,1
2129,2016-08-05,220.0,0
2130,2016-08-08,-227.0,0
2131,2016-08-09,144.0,0
2132,2016-08-10,198.0,0
2133,2016-08-11,94.0,0
2134,2016-08-12,37.0,0
2135,2016-08-15,86.0,1
2136,2016-08-16,-9.0,1
2137,2016-08-17,-33.0,1
2138,2016-08-18,-209.0,0
2139,2016-08-19,-262.0,0
2140,2016-08-22,-112.0,0
2141,2016-08-23,-58.0,0
2142,2016-08-24,-120.0,0
2143,2016-08-25,-130.0,0
2144,2016-08-26,457.0,0
2145,2016-08-29,436.0,0
2146,2016-08-30,513.0,0
2147,2016-08-31,422.0,0
2148,2016-09-01,636.0,1
2149,2016-09-02,458.0,1
2150,2016-09-05,291.0,1
2151,2016-09-06,178.0,1
2152,2016-09-07,-52.0,1
2153,2016-09-08,-17.0,0
2154,2016-09-09,-66.0,0
2155,2016-09-12,-20.0,1
2156,2016-09-13,266.0,1
2157,2016-09-14,44.0,1
2158,2016-09-19,-64.0,1
2159,2016-09-20,-590.0,1
2160,2016-09-21,-748.0,1
2161,2016-09-22,-753.0,1
2162,2016-09-23,-675.0,1
2163,2016-09-26,-622.0,1
2164,2016-09-27,-1129.0,0
2165,2016-09-28,-1038.0,0
2166,2016-09-29,-566.0,1
2167,2016-09-30,-307.0,1
2168,2016-10-10,-314.0,1
2169,2016-10-11,-212.0,0
2170,2016-10-12,34.0,0
2171,2016-10-13,177.0,0
2172,2016-10-14,476.0,1
2173,2016-10-17,288.0,0
2174,2016-10-18,124.0,0
2175,2016-10-19,212.0,0
2176,2016-10-20,546.0,0
2177,2016-10-21,356.0,1
2178,2016-10-24,519.0,1
2179,2016-10-25,579.0,1
2180,2016-10-26,281.0,1
2181,2016-10-27,443.0,1
2182,2016-10-28,40.0,0
2183,2016-10-31,170.0,0
2184,2016-11-01,-22.0,0
2185,2016-11-02,221.0,1
2186,2016-11-03,449.0,1
2187,2016-11-04,129.0,0
2188,2016-11-07,139.0,1
2189,2016-11-08,42.0,1
2190,2016-11-09,174.0,1
2191,2016-11-10,98.0,0
2192,2016-11-11,-179.0,0
2193,2016-11-14,-655.0,0
2194,2016-11-15,418.0,1
2195,2016-11-16,296.0,1
2196,2016-11-17,-197.0,1
2197,2016-11-18,-419.0,1
2198,2016-11-21,-251.0,1
2199,2016-11-22,-564.0,0
2200,2016-11-23,-444.0,0
2201,2016-11-24,-272.0,1
2202,2016-11-25,-244.0,0
2203,2016-11-28,177.0,1
2204,2016-11-29,-258.0,0
2205,2016-11-30,19.0,0
2206,2016-12-01,159.0,0
2207,2016-12-02,74.0,0
2208,2016-12-05,279.0,1
2209,2016-12-06,217.0,0
2210,2016-12-07,145.0,0
2211,2016-12-08,19.0,0
2212,2016-12-09,207.0,1
2213,2016-12-12,200.0,1
2214,2016-12-13,48.0,0
2215,2016-12-14,-182.0,0
2216,2016-12-15,168.0,0
2217,2016-12-16,145.0,0
2218,2016-12-19,220.0,0
2219,2016-12-20,532.0,0
2220,2016-12-21,991.0,1
2221,2016-12-22,723.0,0
2222,2016-12-23,686.0,0
2223,2016-12-26,702.0,0
2224,2016-12-27,1073.0,1
2225,2016-12-28,882.0,1
2226,2016-12-29,944.0,1
2227,2016-12-30,863.0,1
2228,2017-01-03,768.0,1
2229,2017-01-04,711.0,1
2230,2017-01-05,702.0,1
2231,2017-01-06,486.0,1
2232,2017-01-09,600.0,1
2233,2017-01-10,406.0,0
2234,2017-01-11,326.0,0
2235,2017-01-12,384.0,0
2236,2017-01-13,476.0,0
2237,2017-01-16,734.0,1
2238,2017-01-17,676.0,1
2239,2017-01-18,621.0,1
2240,2017-01-19,656.0,1
2241,2017-01-20,487.0,1
2242,2017-01-23,606.0,1
2243,2017-01-24,232.0,1
2244,2017-01-25,102.0,1
2245,2017-01-26,179.0,1
2246,2017-02-03,134.0,1
2247,2017-02-06,-27.0,0
2248,2017-02-07,-136.0,0
2249,2017-02-08,48.0,0
2250,2017-02-09,134.0,1
2251,2017-02-10,139.0,1
2252,2017-02-13,154.0,1
2253,2017-02-14,49.0,0
2254,2017-02-15,65.0,0
2255,2017-02-16,156.0,0
2256,2017-02-17,329.0,0
2257,2017-02-20,483.0,0
2258,2017-02-21,389.0,0
2259,2017-02-22,328.0,1
2260,2017-02-23,491.0,1
2261,2017-02-24,430.0,1
2262,2017-02-27,72.0,1
2263,2017-02-28,118.0,1
2264,2017-03-01,8.0,0
2265,2017-03-02,-47.0,1
2266,2017-03-03,-10.0,1
2267,2017-03-06,5.0,0
2268,2017-03-07,-465.0,0
2269,2017-03-08,-355.0,0
2270,2017-03-09,245.0,0
2271,2017-03-10,410.0,0
2272,2017-03-13,507.0,0
2273,2017-03-14,471.0,0
2274,2017-03-15,703.0,0
2275,2017-03-16,737.0,0
2276,2017-03-17,603.0,0
2277,2017-03-20,721.0,0
2278,2017-03-21,766.0,1
2279,2017-03-22,893.0,1
2280,2017-03-23,972.0,1
2281,2017-03-24,576.0,0
2282,2017-03-27,626.0,0
2283,2017-03-28,860.0,0
2284,2017-03-29,845.0,1
2285,2017-03-30,872.0,1
2286,2017-03-31,1122.0,1
2287,2017-04-05,512.0,1
2288,2017-04-06,421.0,1
2289,2017-04-07,493.0,1
2290,2017-04-10,363.0,1
2291,2017-04-11,163.0,1
2292,2017-04-12,215.0,1
2293,2017-04-13,148.0,0
2294,2017-04-14,11.0,1
2295,2017-04-17,103.0,1
2296,2017-04-18,194.0,1
2297,2017-04-19,-26.0,1
2298,2017-04-20,-91.0,1
2299,2017-04-21,-166.0,0
2300,2017-04-24,-248.0,0
2301,2017-04-25,-87.0,1
2302,2017-04-26,112.0,1
2303,2017-04-27,-150.0,0
2304,2017-04-28,-197.0,0
2305,2017-05-02,74.0,1
2306,2017-05-03,0.0,0
2307,2017-05-04,-140.0,0
2308,2017-05-05,-159.0,0
2309,2017-05-08,216.0,0
2310,2017-05-09,531.0,0
2311,2017-05-10,488.0,1
2312,2017-05-11,481.0,1
2313,2017-05-12,484.0,1
2314,2017-05-15,219.0,1
2315,2017-05-16,-231.0,0
2316,2017-05-17,-162.0,0
2317,2017-05-18,-108.0,0
2318,2017-05-19,311.0,0
2319,2017-05-22,249.0,1
2320,2017-05-23,390.0,1
2321,2017-05-24,357.0,0
2322,2017-05-25,171.0,0
2323,2017-05-26,248.0,0
2324,2017-05-31,373.0,0
2325,2017-06-01,637.0,0
2326,2017-06-02,776.0,1
2327,2017-06-05,680.0,0
2328,2017-06-06,746.0,1
2329,2017-06-07,765.0,1
2330,2017-06-08,693.0,0
2331,2017-06-09,394.0,0
2332,2017-06-12,451.0,0
2333,2017-06-13,773.0,0
2334,2017-06-14,873.0,0
2335,2017-06-15,763.0,0
2336,2017-06-16,859.0,1
2337,2017-06-19,869.0,1
2338,2017-06-20,758.0,0
2339,2017-06-21,808.0,1
2340,2017-06-22,764.0,1
2341,2017-06-23,838.0,1
2342,2017-06-26,716.0,0
2343,2017-06-27,621.0,0
2344,2017-06-28,794.0,0
2345,2017-06-29,1104.0,1
2346,2017-06-30,1116.0,1
2347,2017-07-03,1004.0,1
2348,2017-07-04,899.0,0
2349,2017-07-05,892.0,1
2350,2017-07-06,931.0,1
2351,2017-07-07,968.0,1
2352,2017-07-10,848.0,1
2353,2017-07-11,721.0,1
2354,2017-07-12,929.0,1
2355,2017-07-13,734.0,1
2356,2017-07-14,677.0,1
2357,2017-07-17,591.0,1
2358,2017-07-18,440.0,1
2359,2017-07-19,323.0,0
2360,2017-07-20,289.0,0
2361,2017-07-21,314.0,0
2362,2017-07-24,777.0,0
2363,2017-07-25,888.0,0
2364,2017-07-26,878.0,0
2365,2017-07-27,1030.0,0
2366,2017-07-28,1009.0,0
2367,2017-07-31,1309.0,1
2368,2017-08-01,1253.0,1
2369,2017-08-02,1116.0,1
2370,2017-08-03,841.0,1
2371,2017-08-04,835.0,1
2372,2017-08-07,740.0,1
2373,2017-08-08,758.0,1
2374,2017-08-09,528.0,0
2375,2017-08-10,539.0,1
2376,2017-08-11,419.0,0
2377,2017-08-14,568.0,0
2378,2017-08-15,499.0,0
2379,2017-08-16,626.0,0
2380,2017-08-17,738.0,1
2381,2017-08-18,665.0,1
2382,2017-08-21,680.0,1
2383,2017-08-22,648.0,0
2384,2017-08-23,548.0,0
2385,2017-08-24,579.0,1
2386,2017-08-25,681.0,1
2387,2017-08-28,642.0,0
2388,2017-08-29,561.0,0
2389,2017-08-30,621.0,1
2390,2017-08-31,696.0,1
2391,2017-09-01,686.0,1
2392,2017-09-04,609.0,1
2393,2017-09-05,108.0,1
2394,2017-09-06,23.0,0
2395,2017-09-07,113.0,0
2396,2017-09-08,99.0,0
2397,2017-09-11,388.0,0
2398,2017-09-12,319.0,0
2399,2017-09-13,315.0,0
2400,2017-09-14,457.0,0
2401,2017-09-15,602.0,1
2402,2017-09-18,660.0,1
2403,2017-09-19,631.0,1
2404,2017-09-20,612.0,1
2405,2017-09-21,342.0,0
2406,2017-09-22,559.0,1
2407,2017-09-25,574.0,0
2408,2017-09-26,516.0,0
2409,2017-09-27,377.0,0
2410,2017-09-28,656.0,0
2411,2017-09-29,909.0,1
2412,2017-10-09,895.0,1
2413,2017-10-10,901.0,0
2414,2017-10-11,886.0,0
2415,2017-10-12,861.0,1
2416,2017-10-13,934.0,1
2417,2017-10-16,905.0,1
2418,2017-10-17,778.0,0
2419,2017-10-18,814.0,0
2420,2017-10-19,837.0,0
2421,2017-10-20,961.0,1
2422,2017-10-23,1021.0,1
2423,2017-10-24,1031.0,1
2424,2017-10-25,953.0,0
2425,2017-10-26,937.0,0
2426,2017-10-27,961.0,0
2427,2017-10-30,1042.0,1
2428,2017-10-31,1033.0,1
2429,2017-11-01,1028.0,1
2430,2017-11-02,1024.0,1
2431,2017-11-03,952.0,1
2432,2017-11-06,832.0,1
2433,2017-11-07,841.0,0
2434,2017-11-08,765.0,0
2435,2017-11-09,829.0,1
2436,2017-11-10,832.0,0
2437,2017-11-13,811.0,0
2438,2017-11-14,801.0,0
2439,2017-11-15,848.0,0
2440,2017-11-16,951.0,0
2441,2017-11-17,943.0,0
2442,2017-11-20,923.0,0
2443,2017-11-21,1014.0,0
2444,2017-11-22,1001.0,0
2445,2017-11-23,1021.0,1
2446,2017-11-24,1018.0,1
2447,2017-11-27,972.0,1
2448,2017-11-28,876.0,1
2449,2017-11-29,677.0,1
2450,2017-11-30,729.0,1
2451,2017-12-01,550.0,1
2452,2017-12-04,385.0,0
2453,2017-12-05,391.0,0
2454,2017-12-06,433.0,1
2455,2017-12-07,433.0,0
2456,2017-12-08,537.0,0
2457,2017-12-11,362.0,0
2458,2017-12-12,698.0,0
2459,2017-12-13,732.0,0
2460,2017-12-14,751.0,1
2461,2017-12-15,788.0,0
2462,2017-12-18,737.0,0
2463,2017-12-19,667.0,0
2464,2017-12-20,898.0,1
2465,2017-12-21,960.0,1
2466,2017-12-22,907.0,1
2467,2017-12-25,791.0,1
2468,2017-12-26,740.0,1
2469,2017-12-27,759.0,0
2470,2017-12-28,733.0,1
2471,2017-12-29,665.0,0
2472,2018-01-02,754.0,1
2473,2018-01-03,658.0,1
2474,2018-01-04,729.0,1
2475,2018-01-05,670.0,1
2476,2018-01-08,495.0,1
2477,2018-01-09,491.0,1
2478,2018-01-10,411.0,1
2479,2018-01-11,406.0,1
2480,2018-01-12,372.0,0
2481,2018-01-15,208.0,0
2482,2018-01-16,380.0,1
2483,2018-01-17,431.0,1
2484,2018-01-18,510.0,1
2485,2018-01-19,148.0,1
2486,2018-01-22,376.0,1
2487,2018-01-23,168.0,0
2488,2018-01-24,123.0,0
2489,2018-01-25,201.0,0
2490,2018-01-26,188.0,0
2491,2018-01-29,189.0,0
2492,2018-01-30,316.0,0
2493,2018-01-31,460.0,0
2494,2018-02-01,520.0,0
2495,2018-02-02,550.0,0
2496,2018-02-05,521.0,0
2497,2018-02-06,636.0,0
2498,2018-02-07,650.0,0
2499,2018-02-08,642.0,0
2500,2018-02-09,753.0,0
2501,2018-02-12,818.0,1
2502,2018-02-13,806.0,1
2503,2018-02-14,823.0,1
2504,2018-02-22,789.0,1
2505,2018-02-23,709.0,1
2506,2018-02-26,608.0,1
2507,2018-02-27,438.0,1
2508,2018-02-28,493.0,0
2509,2018-03-01,490.0,1
2510,2018-03-02,451.0,1
2511,2018-03-05,522.0,1
2512,2018-03-06,339.0,0
2513,2018-03-07,277.0,0
2514,2018-03-08,485.0,0
2515,2018-03-09,586.0,0
2516,2018-03-12,492.0,0
2517,2018-03-13,638.0,0
2518,2018-03-14,662.0,0
2519,2018-03-15,721.0,0
2520,2018-03-16,707.0,0
2521,2018-03-19,756.0,1
2522,2018-03-20,768.0,1
2523,2018-03-21,757.0,1
2524,2018-03-22,661.0,1
2525,2018-03-23,620.0,1
2526,2018-03-26,702.0,1
2527,2018-03-27,152.0,0
2528,2018-03-28,156.0,0
2529,2018-03-29,313.0,0
2530,2018-03-30,332.0,1
2531,2018-04-02,231.0,0
2532,2018-04-03,263.0,1
2533,2018-04-04,271.0,1
2534,2018-04-09,282.0,1
2535,2018-04-10,231.0,1
2536,2018-04-11,210.0,1
2537,2018-04-12,163.0,1
2538,2018-04-13,212.0,1
2539,2018-04-16,86.0,0
2540,2018-04-17,95.0,1
2541,2018-04-18,118.0,0
2542,2018-04-19,131.0,1
2543,2018-04-20,91.0,1
2544,2018-04-23,122.0,0
2545,2018-04-24,19.0,0
2546,2018-04-25,48.0,0
2547,2018-04-26,121.0,1
2548,2018-04-27,51.0,1
2549,2018-05-02,58.0,1
2550,2018-05-03,16.0,1
2551,2018-05-04,-103.0,1
2552,2018-05-07,-110.0,1
2553,2018-05-08,-252.0,0
2554,2018-05-09,-214.0,0
2555,2018-05-10,-141.0,1
2556,2018-05-11,-187.0,1
2557,2018-05-14,-145.0,1
2558,2018-05-15,-932.0,1
2559,2018-05-16,-837.0,1
2560,2018-05-17,-1504.0,1
2561,2018-05-18,-1388.0,1
2562,2018-05-21,-1844.0,1
2563,2018-05-22,-2352.0,0
2564,2018-05-23,-1937.0,1
2565,2018-05-24,-1617.0,1
2566,2018-05-25,-1828.0,1
2567,2018-05-28,-1887.0,1
2568,2018-05-29,-1770.0,1
2569,2018-05-30,-2419.0,1
2570,2018-05-31,-2307.0,0
2571,2018-06-01,-2039.0,0
2572,2018-06-04,-2063.0,0
2573,2018-06-05,-1435.0,0
2574,2018-06-06,-1083.0,0
2575,2018-06-07,-983.0,1
2576,2018-06-08,-1269.0,0
2577,2018-06-11,-1167.0,1
2578,2018-06-12,-1388.0,0
2579,2018-06-13,-1300.0,0
2580,2018-06-14,-1687.0,0
2581,2018-06-15,-1169.0,0
2582,2018-06-19,-1149.0,0
2583,2018-06-20,-343.0,1
2584,2018-06-21,-506.0,1
2585,2018-06-22,-527.0,0
2586,2018-06-25,-582.0,0
2587,2018-06-26,-622.0,0
2588,2018-06-27,-499.0,0
2589,2018-06-28,-487.0,0
2590,2018-06-29,-363.0,0
2591,2018-07-02,-409.0,0
2592,2018-07-03,-392.0,0
2593,2018-07-04,-383.0,0
2594,2018-07-05,-160.0,1
2595,2018-07-06,59.0,1
2596,2018-07-09,-77.0,1
2597,2018-07-10,-322.0,1
2598,2018-07-11,-312.0,1
2599,2018-07-12,-272.0,1
2600,2018-07-13,-532.0,0
2601,2018-07-16,-608.0,0
2602,2018-07-17,-673.0,0
2603,2018-07-18,-503.0,1
2604,2018-07-19,-493.0,0
2605,2018-07-20,-584.0,0
2606,2018-07-23,-509.0,1
2607,2018-07-24,-399.0,1
2608,2018-07-25,-525.0,1
2609,2018-07-26,-682.0,0
2610,2018-07-27,-599.0,1
2611,2018-07-30,-536.0,1
2612,2018-07-31,-571.0,1
2613,2018-08-01,-956.0,0
2614,2018-08-02,-787.0,1
2615,2018-08-03,-647.0,1
2616,2018-08-06,-711.0,1
2617,2018-08-07,-923.0,1
2618,2018-08-08,-1077.0,1
2619,2018-08-09,-987.0,0
2620,2018-08-10,-1003.0,0
2621,2018-08-13,-1017.0,0
2622,2018-08-14,-723.0,0
2623,2018-08-15,-614.0,0
2624,2018-08-16,-394.0,1
2625,2018-08-17,-349.0,1
2626,2018-08-20,-219.0,1
2627,2018-08-21,-535.0,0
2628,2018-08-22,-663.0,0
2629,2018-08-23,-630.0,1
2630,2018-08-24,-422.0,1
2631,2018-08-27,-575.0,0
2632,2018-08-28,-810.0,0
2633,2018-08-29,-664.0,0
2634,2018-08-30,-444.0,1
2635,2018-08-31,-479.0,0
2636,2018-09-03,-379.0,0
2637,2018-09-04,-558.0,0
2638,2018-09-05,-267.0,0
2639,2018-09-06,-352.0,0
2640,2018-09-07,-290.0,0
2641,2018-09-10,-165.0,1
2642,2018-09-11,-292.0,0
2643,2018-09-12,-247.0,0
2644,2018-09-13,-276.0,0
2645,2018-09-14,-263.0,0
2646,2018-09-17,-157.0,0
2647,2018-09-18,-162.0,0
2648,2018-09-19,-85.0,0
2649,2018-09-20,422.0,1
2650,2018-09-21,164.0,0
2651,2018-09-25,202.0,0
2652,2018-09-26,316.0,0
2653,2018-09-27,313.0,0
2654,2018-09-28,633.0,0
2655,2018-10-08,578.0,0
2656,2018-10-09,478.0,0
2657,2018-10-10,482.0,1
2658,2018-10-11,545.0,1
2659,2018-10-12,745.0,1
2660,2018-10-15,375.0,0
2661,2018-10-16,371.0,0
2662,2018-10-17,523.0,0
2663,2018-10-18,432.0,0
2664,2018-10-19,568.0,1
2665,2018-10-22,678.0,1
2666,2018-10-23,564.0,0
2667,2018-10-24,520.0,0
2668,2018-10-25,493.0,0
2669,2018-10-26,697.0,0
2670,2018-10-29,771.0,0
2671,2018-10-30,1012.0,1
2672,2018-10-31,864.0,1
2673,2018-11-01,854.0,1
2674,2018-11-02,870.0,1
2675,2018-11-05,556.0,0
2676,2018-11-06,585.0,0
2677,2018-11-07,668.0,1
2678,2018-11-08,762.0,0
2679,2018-11-09,641.0,0
2680,2018-11-12,556.0,0
2681,2018-11-13,755.0,1
2682,2018-11-14,796.0,1
2683,2018-11-15,730.0,1
2684,2018-11-16,645.0,0
2685,2018-11-19,617.0,1
2686,2018-11-20,703.0,1
2687,2018-11-21,767.0,1
2688,2018-11-22,156.0,0
2689,2018-11-23,273.0,0
2690,2018-11-26,328.0,0
2691,2018-11-27,517.0,1
2692,2018-11-28,482.0,1
2693,2018-11-29,394.0,1
2694,2018-11-30,339.0,1
2695,2018-12-03,318.0,1
2696,2018-12-04,123.0,0
2697,2018-12-05,211.0,0
2698,2018-12-06,196.0,1
2699,2018-12-07,238.0,1
2700,2018-12-10,237.0,1
2701,2018-12-11,93.0,1
2702,2018-12-12,16.0,0
2703,2018-12-13,10.0,0
2704,2018-12-14,95.0,0
2705,2018-12-17,41.0,0
2706,2018-12-18,41.0,0
2707,2018-12-19,186.0,0
2708,2018-12-20,246.0,0
2709,2018-12-21,163.0,0
2710,2018-12-24,224.0,0
2711,2018-12-25,366.0,0
2712,2018-12-26,708.0,1
2713,2018-12-27,625.0,1
2714,2018-12-28,541.0,1
2715,2019-01-02,503.0,1
2716,2019-01-03,479.0,1
2717,2019-01-04,497.0,1
2718,2019-01-07,397.0,1
2719,2019-01-08,303.0,1
2720,2019-01-09,303.0,1
2721,2019-01-10,216.0,1
2722,2019-01-11,208.0,0
2723,2019-01-14,238.0,0
2724,2019-01-15,238.0,1
2725,2019-01-16,256.0,1
2726,2019-01-17,344.0,1
2727,2019-01-18,108.0,0
2728,2019-01-21,153.0,0
2729,2019-01-22,72.0,0
2730,2019-01-23,323.0,1
2731,2019-01-24,339.0,1
2732,2019-01-25,303.0,1
2733,2019-01-28,243.0,1
2734,2019-01-29,243.0,1
2735,2019-01-30,234.0,0
2736,2019-01-31,184.0,0
2737,2019-02-01,191.0,0
2738,2019-02-11,252.0,0
2739,2019-02-12,303.0,0
2740,2019-02-13,307.0,0
2741,2019-02-14,506.0,1
2742,2019-02-15,464.0,1
2743,2019-02-18,484.0,1
2744,2019-02-19,428.0,1
2745,2019-02-20,140.0,1
2746,2019-02-21,95.0,0
2747,2019-02-22,193.0,0
2748,2019-02-25,-109.0,0
2749,2019-02-26,153.0,0
2750,2019-02-27,293.0,1
2751,2019-02-28,332.0,1
2752,2019-03-01,307.0,1
2753,2019-03-04,172.0,0
2754,2019-03-05,178.0,1
2755,2019-03-06,283.0,0
2756,2019-03-07,248.0,0
2757,2019-03-08,128.0,0
2758,2019-03-11,318.0,1
2759,2019-03-12,410.0,1
2760,2019-03-13,375.0,1
2761,2019-03-14,262.0,0
2762,2019-03-15,332.0,1
2763,2019-03-18,390.0,1
2764,2019-03-19,331.0,1
2765,2019-03-20,361.0,1
2766,2019-03-21,262.0,0
2767,2019-03-22,295.0,0
2768,2019-03-25,273.0,0
2769,2019-03-26,395.0,0
2770,2019-03-27,400.0,0
2771,2019-03-28,470.0,0
2772,2019-03-29,591.0,1
2773,2019-04-01,596.0,1
2774,2019-04-02,533.0,1
2775,2019-04-03,499.0,1
2776,2019-04-04,-20.0,1
2777,2019-04-08,3.0,1
2778,2019-04-09,-109.0,1
2779,2019-04-10,-156.0,1
2780,2019-04-11,-218.0,1
2781,2019-04-12,-252.0,1
2782,2019-04-15,-262.0,0
2783,2019-04-16,-467.0,0
2784,2019-04-17,-242.0,0
2785,2019-04-18,-221.0,0
2786,2019-04-19,-128.0,1
2787,2019-04-22,-174.0,0
2788,2019-04-23,-187.0,0
2789,2019-04-24,-159.0,0
2790,2019-04-25,-37.0,0
2791,2019-04-26,38.0,0
2792,2019-04-29,57.0,0
2793,2019-04-30,166.0,1
2794,2019-05-06,43.0,0
2795,2019-05-07,308.0,0
2796,2019-05-08,38.0,0
2797,2019-05-09,188.0,0
2798,2019-05-10,469.0,0
2799,2019-05-13,378.0,0
2800,2019-05-14,929.0,0
2801,2019-05-15,1503.0,1
2802,2019-05-16,1176.0,0
2803,2019-05-17,694.0,0
2804,2019-05-20,876.0,0
2805,2019-05-21,1046.0,0
2806,2019-05-22,944.0,0
2807,2019-05-23,1331.0,1
2808,2019-05-24,1323.0,1
2809,2019-05-27,1116.0,1
2810,2019-05-28,1079.0,0
2811,2019-05-29,951.0,0
2812,2019-05-30,929.0,0
2813,2019-05-31,1121.0,0
2814,2019-06-03,1086.0,0
2815,2019-06-04,1554.0,0
2816,2019-06-05,1248.0,0
2817,2019-06-06,1160.0,1
2818,2019-06-10,1157.0,1
2819,2019-06-11,994.0,1
2820,2019-06-12,748.0,1
2821,2019-06-13,596.0,1
2822,2019-06-14,564.0,0
2823,2019-06-17,637.0,1
2824,2019-06-18,623.0,1
2825,2019-06-19,688.0,1
2826,2019-06-20,254.0,0
2827,2019-06-21,237.0,0
2828,2019-06-24,525.0,1
2829,2019-06-25,580.0,1
2830,2019-06-26,511.0,1
2831,2019-06-27,354.0,1
2832,2019-06-28,423.0,1
2833,2019-07-01,449.0,1
2834,2019-07-02,94.0,0
2835,2019-07-03,321.0,0
2836,2019-07-04,518.0,0
2837,2019-07-05,548.0,0
2838,2019-07-08,395.0,0
2839,2019-07-09,591.0,0
2840,2019-07-10,1065.0,0
2841,2019-07-11,1062.0,0
2842,2019-07-12,1057.0,0
2843,2019-07-15,1066.0,0
2844,2019-07-16,1077.0,0
2845,2019-07-17,1074.0,0
2846,2019-07-18,1026.0,1
2847,2019-07-19,1056.0,1
2848,2019-07-22,1055.0,1
2849,2019-07-23,795.0,1
2850,2019-07-24,983.0,1
2851,2019-07-25,806.0,0
2852,2019-07-26,806.0,0
2853,2019-07-29,683.0,0
2854,2019-07-30,971.0,0
2855,2019-07-31,918.0,0
2856,2019-08-01,962.0,0
2857,2019-08-02,1020.0,0
2858,2019-08-05,1396.0,0
2859,2019-08-06,1768.0,1
2860,2019-08-07,1423.0,1
2861,2019-08-08,1411.0,1
2862,2019-08-09,833.0,0
2863,2019-08-12,871.0,1
2864,2019-08-13,806.0,1
2865,2019-08-14,858.0,1
2866,2019-08-15,663.0,0
2867,2019-08-16,749.0,1
2868,2019-08-19,736.0,0
2869,2019-08-20,711.0,0
2870,2019-08-21,718.0,0
2871,2019-08-22,873.0,0
2872,2019-08-23,693.0,0
2873,2019-08-26,813.0,0
2874,2019-08-27,1157.0,1
2875,2019-08-28,714.0,1
2876,2019-08-29,503.0,0
2877,2019-08-30,568.0,1
2878,2019-09-02,465.0,1
2879,2019-09-03,547.0,1
2880,2019-09-04,411.0,1
2881,2019-09-05,321.0,1
2882,2019-09-06,269.0,1
2883,2019-09-09,56.0,1
2884,2019-09-10,127.0,1
2885,2019-09-11,77.0,1
2886,2019-09-12,53.0,1
2887,2019-09-16,61.0,0
2888,2019-09-17,-19.0,0
2889,2019-09-18,76.0,0
2890,2019-09-19,188.0,0
2891,2019-09-20,157.0,0
2892,2019-09-23,86.0,0
2893,2019-09-24,186.0,0
2894,2019-09-25,410.0,0
2895,2019-09-26,386.0,0
2896,2019-09-27,430.0,0
2897,2019-09-30,677.0,1
2898,2019-10-08,593.0,1
2899,2019-10-09,426.0,1
2900,2019-10-10,302.0,1
2901,2019-10-11,253.0,1
2902,2019-10-14,248.0,1
2903,2019-10-15,8.0,0
2904,2019-10-16,194.0,1
2905,2019-10-17,180.0,1
2906,2019-10-18,98.0,1
2907,2019-10-21,81.0,1
2908,2019-10-22,117.0,1
2909,2019-10-23,42.0,1
2910,2019-10-24,38.0,0
2911,2019-10-25,61.0,1
2912,2019-10-28,16.0,1
2913,2019-10-29,85.0,1
2914,2019-10-30,-197.0,1
2915,2019-10-31,-171.0,0
2916,2019-11-01,-199.0,0
2917,2019-11-04,-86.0,0
2918,2019-11-05,22.0,0
2919,2019-11-06,-102.0,0
2920,2019-11-07,-12.0,0
2921,2019-11-08,128.0,0
2922,2019-11-11,76.0,1
2923,2019-11-12,232.0,1
2924,2019-11-13,246.0,1
2925,2019-11-14,31.0,0
2926,2019-11-15,92.0,0
2927,2019-11-18,57.0,0
2928,2019-11-19,85.0,0
2929,2019-11-20,265.0,0
2930,2019-11-21,172.0,0
2931,2019-11-22,400.0,1
2932,2019-11-25,315.0,1
2933,2019-11-26,289.0,1
2934,2019-11-27,-281.0,0
2935,2019-11-28,-216.0,0
2936,2019-11-29,-118.0,0
2937,2019-12-02,-153.0,0
2938,2019-12-03,-9.0,0
2939,2019-12-04,48.0,1
2940,2019-12-05,103.0,1
2941,2019-12-06,1.0,1
2942,2019-12-09,-219.0,0
2943,2019-12-10,-138.0,1
2944,2019-12-11,-102.0,1
2945,2019-12-12,-122.0,1
2946,2019-12-13,-230.0,1
2947,2019-12-16,-239.0,0
2948,2019-12-17,-191.0,1
2949,2019-12-18,-223.0,1
2950,2019-12-19,-137.0,1
2951,2019-12-20,-212.0,0
2952,2019-12-23,-213.0,0
2953,2019-12-24,-138.0,1
2954,2019-12-25,-167.0,1
2955,2019-12-26,-83.0,1
2956,2019-12-27,-183.0,1
2957,2019-12-30,-410.0,1
2958,2019-12-31,-687.0,1
2959,2020-01-02,-611.0,1
2960,2020-01-03,-374.0,1
2961,2020-01-06,-396.0,1
2962,2020-01-07,-372.0,1
2963,2020-01-08,-472.0,1
2964,2020-01-09,-359.0,1
2965,2020-01-10,-445.0,0
2966,2020-01-13,-462.0,0
2967,2020-01-14,-584.0,0
2968,2020-01-15,-164.0,0
2969,2020-01-16,19.0,1
2970,2020-01-17,-134.0,0
2971,2020-01-20,-147.0,0
2972,2020-01-21,-94.0,0
2973,2020-01-22,117.0,0
2974,2020-01-23,156.0,0
2975,2020-02-03,393.0,0
2976,2020-02-04,1027.0,1
2977,2020-02-05,817.0,1
2978,2020-02-06,481.0,1
2979,2020-02-07,311.0,1
2980,2020-02-10,302.0,0
2981,2020-02-11,362.0,0
2982,2020-02-12,313.0,0
2983,2020-02-13,375.0,1
2984,2020-02-14,374.0,1
2985,2020-02-17,381.0,1
2986,2020-02-18,-97.0,0
2987,2020-02-19,289.0,1
2988,2020-02-20,198.0,0
2989,2020-02-21,146.0,0
2990,2020-02-24,224.0,0
2991,2020-02-25,531.0,0
2992,2020-02-26,350.0,0
2993,2020-02-27,537.0,0
2994,2020-02-28,698.0,0
2995,2020-03-02,906.0,1
2996,2020-03-03,497.0,1
2997,2020-03-04,466.0,1
2998,2020-03-05,501.0,0
2999,2020-03-06,213.0,0
3000,2020-03-09,396.0,0
3001,2020-03-10,578.0,0
3002,2020-03-11,191.0,0
3003,2020-03-12,398.0,0
3004,2020-03-13,530.0,0
3005,2020-03-16,780.0,0
3006,2020-03-17,961.0,0
3007,2020-03-18,713.0,0
3008,2020-03-19,743.0,0
3009,2020-03-20,1128.0,0
3010,2020-03-23,835.0,0
3011,2020-03-24,962.0,1
3012,2020-03-25,939.0,1
3013,2020-03-26,456.0,0
3014,2020-03-27,678.0,0
3015,2020-03-30,679.0,1
3016,2020-03-31,892.0,1
3017,2020-04-01,551.0,1
3018,2020-04-02,463.0,1
3019,2020-04-03,210.0,1
3020,2020-04-07,218.0,1
3021,2020-04-08,36.0,1
3022,2020-04-09,-196.0,0
3023,2020-04-10,-153.0,0
3024,2020-04-13,-70.0,0
3025,2020-04-14,160.0,0
3026,2020-04-15,64.0,0
3027,2020-04-16,92.0,1
3028,2020-04-17,162.0,0
3029,2020-04-20,63.0,0
3030,2020-04-21,-57.0,1
3031,2020-04-22,306.0,1
3032,2020-04-23,75.0,1
3033,2020-04-24,-342.0,0
3034,2020-04-27,43.0,0
3035,2020-04-28,35.0,1
3036,2020-04-29,85.0,0
3037,2020-04-30,-18.0,1
3038,2020-05-06,-149.0,1
3039,2020-05-07,153.0,1
3040,2020-05-08,-153.0,0
3041,2020-05-11,-192.0,0
3042,2020-05-12,-43.0,0
3043,2020-05-13,14.0,1
3044,2020-05-14,-24.0,1
3045,2020-05-15,25.0,1
3046,2020-05-18,-130.0,1
3047,2020-05-19,-49.0,1
3048,2020-05-20,-167.0,0
3049,2020-05-21,-134.0,0
3050,2020-05-22,11.0,0
3051,2020-05-25,320.0,1
3052,2020-05-26,223.0,0
3053,2020-05-27,201.0,0
3054,2020-05-28,243.0,1
3055,2020-05-29,288.0,1
3056,2020-06-01,327.0,1
3057,2020-06-02,100.0,1
3058,2020-06-03,55.0,1
3059,2020-06-04,118.0,1
3060,2020-06-05,139.0,1
3061,2020-06-08,-63.0,1
3062,2020-06-09,18.0,0
3063,2020-06-10,6.0,0
3064,2020-06-11,83.0,0
3065,2020-06-12,128.0,0
3066,2020-06-15,228.0,0
3067,2020-06-16,268.0,1
3068,2020-06-17,115.0,1
3069,2020-06-18,110.0,0
3070,2020-06-19,93.0,0
3071,2020-06-22,101.0,0
3072,2020-06-23,296.0,0
3073,2020-06-24,303.0,1
3074,2020-06-29,266.0,1
3075,2020-06-30,198.0,1
3076,2020-07-01,191.0,1
3077,2020-07-02,104.0,1
3078,2020-07-03,42.0,1
3079,2020-07-06,53.0,0
3080,2020-07-07,28.0,1
3081,2020-07-08,123.0,1
3082,2020-07-09,148.0,1
3083,2020-07-10,-34.0,0
3084,2020-07-13,76.0,1
3085,2020-07-14,43.0,0
3086,2020-07-15,196.0,0
3087,2020-07-16,70.0,0
3088,2020-07-17,213.0,1
3089,2020-07-20,218.0,1
3090,2020-07-21,182.0,1
3091,2020-07-22,82.0,0
3092,2020-07-23,106.0,0
3093,2020-07-24,251.0,0
3094,2020-07-27,289.0,1
3095,2020-07-28,323.0,1
3096,2020-07-29,274.0,1
3097,2020-07-30,172.0,1
3098,2020-07-31,193.0,0
3099,2020-08-03,309.0,1
3100,2020-08-04,156.0,1
3101,2020-08-05,278.0,1
3102,2020-08-06,292.0,1
3103,2020-08-07,87.0,1
3104,2020-08-10,68.0,1
3105,2020-08-11,-304.0,1
3106,2020-08-12,-356.0,1
3107,2020-08-13,-506.0,1
3108,2020-08-14,-384.0,1
3109,2020-08-17,-437.0,0
3110,2020-08-18,-517.0,0
3111,2020-08-19,-434.0,1
3112,2020-08-20,-331.0,1
3113,2020-08-21,-352.0,1
3114,2020-08-24,-433.0,1
3115,2020-08-25,-415.0,1
3116,2020-08-26,-337.0,1
3117,2020-08-27,-334.0,1
3118,2020-08-28,-326.0,1
3119,2020-08-31,-333.0,1
3120,2020-09-01,-417.0,0
3121,2020-09-02,-364.0,0
3122,2020-09-03,-312.0,0
3123,2020-09-04,-184.0,0
3124,2020-09-07,-49.0,0
3125,2020-09-08,-114.0,0
3126,2020-09-09,-137.0,0
3127,2020-09-10,366.0,1
3128,2020-09-11,53.0,1
3129,2020-09-14,46.0,1
3130,2020-09-15,19.0,1
3131,2020-09-16,-118.0,1
3132,2020-09-17,-17.0,1
3133,2020-09-18,-7.0,1
3134,2020-09-21,-12.0,1
3135,2020-09-22,-134.0,0
3136,2020-09-23,-112.0,0
3137,2020-09-24,51.0,0
3138,2020-09-25,161.0,1
3139,2020-09-28,193.0,1
3140,2020-09-29,36.0,1
3141,2020-09-30,106.0,1
3142,2020-10-09,96.0,1
3143,2020-10-12,-332.0,1
3144,2020-10-13,-253.0,1
3145,2020-10-14,-193.0,1
3146,2020-10-15,-317.0,1
3147,2020-10-16,-19.0,1
3148,2020-10-19,-139.0,1
3149,2020-10-20,-12.0,0
3150,2020-10-21,93.0,0
3151,2020-10-22,187.0,0
3152,2020-10-23,138.0,0
3153,2020-10-26,218.0,1
3154,2020-10-27,146.0,0
3155,2020-10-28,156.0,1
3156,2020-10-29,-41.0,0
3157,2020-10-30,206.0,0
3158,2020-11-02,94.0,0
3159,2020-11-03,225.0,0
3160,2020-11-04,287.0,0
3161,2020-11-05,110.0,0
3162,2020-11-06,233.0,0
3163,2020-11-09,541.0,1
3164,2020-11-10,233.0,1
3165,2020-11-11,214.0,0
3166,2020-11-12,78.0,0
3167,2020-11-13,206.0,0
3168,2020-11-16,273.0,0
3169,2020-11-17,203.0,1
3170,2020-11-18,323.0,1
3171,2020-11-19,305.0,1
3172,2020-11-20,90.0,1
3173,2020-11-23,266.0,1
3174,2020-11-24,101.0,0
3175,2020-11-25,13.0,0
3176,2020-11-26,159.0,1
3177,2020-11-27,223.0,1
3178,2020-11-30,23.0,0
3179,2020-12-01,86.0,0
3180,2020-12-02,118.0,0
3181,2020-12-03,212.0,1
3182,2020-12-04,144.0,1
3183,2020-12-07,184.0,1
3184,2020-12-08,-78.0,0
3185,2020-12-09,93.0,1
3186,2020-12-10,133.0,1
3187,2020-12-11,88.0,1
3188,2020-12-14,-134.0,0
3189,2020-12-15,-96.0,0
3190,2020-12-16,22.0,1
3191,2020-12-17,28.0,1
3192,2020-12-18,31.0,0
3193,2020-12-21,-53.0,0
3194,2020-12-22,-119.0,0
3195,2020-12-23,446.0,1
3196,2020-12-24,168.0,1
3197,2020-12-25,119.0,1
3198,2020-12-28,-9.0,1
3199,2020-12-29,67.0,1
3200,2020-12-30,83.0,1
3201,2020-12-31,-87.0,1
3202,2021-01-04,-97.0,1
3203,2021-01-05,-239.0,1
3204,2021-01-06,-97.0,1
3205,2021-01-07,-131.0,0
3206,2021-01-08,-233.0,0
3207,2021-01-11,-104.0,0
3208,2021-01-12,199.0,0
3209,2021-01-13,-9.0,0
3210,2021-01-14,-88.0,0
3211,2021-01-15,373.0,1
3212,2021-01-18,275.0,1
3213,2021-01-19,41.0,1
3214,2021-01-20,63.0,0
3215,2021-01-21,226.0,1
3216,2021-01-22,29.0,0
3217,2021-01-25,114.0,0
3218,2021-01-26,181.0,0
3219,2021-01-27,456.0,0
3220,2021-01-28,190.0,0
3221,2021-01-29,443.0,1
3222,2021-02-01,458.0,1
3223,2021-02-02,173.0,1
3224,2021-02-03,394.0,1
3225,2021-02-04,423.0,1
3226,2021-02-05,-44.0,1
3227,2021-02-08,-138.0,1
3228,2021-02-09,-7.0,1
3229,2021-02-10,-24.0,1
3230,2021-02-18,-52.0,1
3231,2021-02-19,-94.0,1
3232,2021-02-22,-82.0,1
3233,2021-02-23,-77.0,1
3234,2021-02-24,-82.0,0
3235,2021-02-25,147.0,1
3236,2021-02-26,-187.0,0
3237,2021-03-01,318.0,1
3238,2021-03-02,-142.0,0
3239,2021-03-03,281.0,0
3240,2021-03-04,311.0,0
3241,2021-03-05,553.0,0
3242,2021-03-08,346.0,0
3243,2021-03-09,264.0,0
3244,2021-03-10,524.0,1
3245,2021-03-11,468.0,1
3246,2021-03-12,45.0,0
3247,2021-03-15,116.0,0
3248,2021-03-16,368.0,0
3249,2021-03-17,448.0,0
3250,2021-03-18,238.0,0
3251,2021-03-19,363.0,0
3252,2021-03-22,661.0,0
3253,2021-03-23,420.0,0
3254,2021-03-24,438.0,0
3255,2021-03-25,646.0,0
3256,2021-03-26,657.0,0
3257,2021-03-29,528.0,1
3258,2021-03-30,466.0,1
3259,2021-03-31,376.0,1
3260,2021-04-01,531.0,1
3261,2021-04-02,472.0,1
3262,2021-04-06,373.0,1
3263,2021-04-07,208.0,1
3264,2021-04-08,143.0,0
3265,2021-04-09,252.0,0
3266,2021-04-12,124.0,0
3267,2021-04-13,261.0,1
3268,2021-04-14,433.0,1
3269,2021-04-15,191.0,1
3270,2021-04-16,68.0,1
3271,2021-04-19,116.0,0
3272,2021-04-20,203.0,1
3273,2021-04-21,113.0,1
3274,2021-04-22,174.0,1
3275,2021-04-23,-3.0,1
3276,2021-04-26,-162.0,1
3277,2021-04-27,340.0,1
3278,2021-04-28,68.0,0
3279,2021-04-29,101.0,0
3280,2021-04-30,171.0,1
3281,2021-05-06,272.0,1
3282,2021-05-07,4.0,1
3283,2021-05-10,134.0,1
3284,2021-05-11,34.0,0
3285,2021-05-12,179.0,0
3286,2021-05-13,-92.0,0
3287,2021-05-14,362.0,0
3288,2021-05-17,302.0,1
3289,2021-05-18,254.0,1
3290,2021-05-19,125.0,1
3291,2021-05-20,285.0,1
3292,2021-05-21,46.0,0
3293,2021-05-24,-194.0,0
3294,2021-05-25,164.0,0
3295,2021-05-26,129.0,0
3296,2021-05-27,290.0,0
3297,2021-05-28,462.0,1
3298,2021-05-31,352.0,1
3299,2021-06-01,285.0,1
3300,2021-06-02,210.0,1
3301,2021-06-03,202.0,1
3302,2021-06-04,45.0,1
3303,2021-06-07,117.0,1
3304,2021-06-08,210.0,1
3305,2021-06-09,115.0,1
3306,2021-06-10,92.0,0
3307,2021-06-11,131.0,0
3308,2021-06-15,131.0,0
3309,2021-06-16,191.0,0
3310,2021-06-17,285.0,0
3311,2021-06-18,264.0,0
3312,2021-06-21,361.0,1
3313,2021-06-22,401.0,1
3314,2021-06-23,272.0,1
3315,2021-06-24,113.0,1
3316,2021-06-25,147.0,1
3317,2021-06-28,72.0,1
3318,2021-06-29,80.0,0
3319,2021-06-30,78.0,1
3320,2021-07-01,37.0,1
3321,2021-07-02,206.0,1
3322,2021-07-05,-21.0,1
3323,2021-07-06,-53.0,0
3324,2021-07-07,-69.0,0
3325,2021-07-08,101.0,0
3326,2021-07-09,125.0,1
3327,2021-07-12,146.0,1
3328,2021-07-13,200.0,1
3329,2021-07-14,28.0,1
3330,2021-07-15,34.0,0
3331,2021-07-16,231.0,0
3332,2021-07-19,252.0,0
3333,2021-07-20,406.0,1
3334,2021-07-21,411.0,1
3335,2021-07-22,354.0,1
3336,2021-07-23,72.0,1
3337,2021-07-26,112.0,1
3338,2021-07-27,383.0,1
3339,2021-07-28,28.0,0
3340,2021-07-29,162.0,0
3341,2021-07-30,153.0,0
3342,2021-08-02,396.0,0
3343,2021-08-03,294.0,0
3344,2021-08-04,529.0,1
3345,2021-08-05,270.0,1
3346,2021-08-06,398.0,1
3347,2021-08-09,-177.0,1
3348,2021-08-10,-31.0,1
3349,2021-08-11,-152.0,1
3350,2021-08-12,-10.0,1
3351,2021-08-13,111.0,1
3352,2021-08-16,28.0,1
3353,2021-08-17,-77.0,1
3354,2021-08-18,104.0,0
3355,2021-08-19,252.0,0
3356,2021-08-20,276.0,0
3357,2021-08-23,902.0,0
3358,2021-08-24,524.0,0
3359,2021-08-25,924.0,1
3360,2021-08-26,654.0,0
3361,2021-08-27,600.0,0
3362,2021-08-30,625.0,0
3363,2021-08-31,746.0,1
3364,2021-09-01,857.0,1
3365,2021-09-02,713.0,1
3366,2021-09-03,468.0,1
3367,2021-09-06,34.0,1
3368,2021-09-07,321.0,1
3369,2021-09-08,303.0,0
3370,2021-09-09,160.0,0
3371,2021-09-10,416.0,0
3372,2021-09-13,876.0,0
3373,2021-09-14,856.0,1
3374,2021-09-15,751.0,0
3375,2021-09-16,663.0,0
3376,2021-09-17,522.0,0
3377,2021-09-22,804.0,1
3378,2021-09-23,890.0,1
3379,2021-09-24,803.0,1
3380,2021-09-27,407.0,1
3381,2021-09-28,-215.0,1
3382,2021-09-29,-70.0,1
3383,2021-09-30,-295.0,1
3384,2021-10-08,-901.0,1
3385,2021-10-11,-1105.0,0
3386,2021-10-12,154.0,0
3387,2021-10-13,-136.0,1
3388,2021-10-14,573.0,1
3389,2021-10-15,144.0,1
3390,2021-10-18,-1264.0,0
3391,2021-10-19,204.0,0
3392,2021-10-20,436.0,0
3393,2021-10-21,752.0,1
3394,2021-10-22,1065.0,1
3395,2021-10-25,932.0,0
3396,2021-10-26,631.0,0
3397,2021-10-27,1024.0,1
3398,2021-10-28,1188.0,1
3399,2021-10-29,844.0,1
3400,2021-11-01,956.0,1
3401,2021-11-02,698.0,0
3402,2021-11-03,714.0,0
3403,2021-11-04,751.0,1
3404,2021-11-05,957.0,1
3405,2021-11-08,823.0,1
3406,2021-11-09,638.0,0
3407,2021-11-10,892.0,0
3408,2021-11-11,871.0,1
3409,2021-11-12,1061.0,1
3410,2021-11-15,1230.0,1
3411,2021-11-16,1042.0,1
3412,2021-11-17,912.0,0
3413,2021-11-18,857.0,0
3414,2021-11-19,873.0,0
3415,2021-11-22,965.0,1
3416,2021-11-23,998.0,0
3417,2021-11-24,1193.0,0
3418,2021-11-25,897.0,0
3419,2021-11-26,1123.0,0
3420,2021-11-29,1241.0,0
3421,2021-11-30,1499.0,0
3422,2021-12-01,2489.0,1
3423,2021-12-02,1547.0,0
3424,2021-12-03,1315.0,0
3425,2021-12-06,1255.0,0
3426,2021-12-07,2380.0,0
3427,2021-12-08,2225.0,0
3428,2021-12-09,2318.0,0
3429,2021-12-10,2425.0,1
3430,2021-12-13,2343.0,1
3431,2021-12-14,2259.0,1
3432,2021-12-15,2431.0,1
3433,2021-12-16,2335.0,1
3434,2021-12-17,2200.0,1
3435,2021-12-20,1996.0,0
3436,2021-12-21,2243.0,1
3437,2021-12-22,2156.0,1
3438,2021-12-23,2059.0,1
3439,2021-12-24,1902.0,1
3440,2021-12-27,1974.0,1
3441,2021-12-28,1994.0,1
3442,2021-12-29,1718.0,1
3443,2021-12-30,1812.0,1
3444,2021-12-31,1574.0,1
3445,2022-01-04,1392.0,1
3446,2022-01-05,1537.0,1
3447,2022-01-06,1181.0,1
3448,2022-01-07,1426.0,1
3449,2022-01-10,1323.0,1
3450,2022-01-11,1209.0,1
3451,2022-01-12,1356.0,1
3452,2022-01-13,1323.0,1
3453,2022-01-14,1100.0,1
3454,2022-01-17,1125.0,1
3455,2022-01-18,907.0,1
3456,2022-01-19,1116.0,1
3457,2022-01-20,818.0,0
3458,2022-01-21,843.0,0
3459,2022-01-24,985.0,1
3460,2022-01-25,1032.0,1
3461,2022-01-26,982.0,0
3462,2022-01-27,1027.0,1
3463,2022-01-28,964.0,1
3464,2022-02-07,1232.0,1
3465,2022-02-08,757.0,0
3466,2022-02-09,1051.0,0
3467,2022-02-10,1108.0,1
3468,2022-02-11,1190.0,0
3469,2022-02-14,1131.0,0
3470,2022-02-15,1181.0,0
3471,2022-02-16,1548.0,0
3472,2022-02-17,1702.0,1
3473,2022-02-18,1529.0,0
3474,2022-02-21,1537.0,1
3475,2022-02-22,1513.0,1
3476,2022-02-23,1505.0,0
3477,2022-02-24,1503.0,0
3478,2022-02-25,1376.0,0
3479,2022-02-28,1926.0,1
3480,2022-03-01,2051.0,1
3481,2022-03-02,1751.0,1
3482,2022-03-03,1326.0,0
3483,2022-03-04,1475.0,1
3484,2022-03-07,1620.0,1
3485,2022-03-08,1459.0,1
3486,2022-03-09,1264.0,1
3487,2022-03-10,1132.0,0
3488,2022-03-11,1382.0,0
3489,2022-03-14,1236.0,0
3490,2022-03-15,1489.0,1
3491,2022-03-16,1663.0,1
3492,2022-03-17,1320.0,1
3493,2022-03-18,1365.0,1
3494,2022-03-21,1193.0,1
3495,2022-03-22,1147.0,1
3496,2022-03-23,1104.0,1
3497,2022-03-24,1224.0,1
3498,2022-03-25,1160.0,1
3499,2022-03-28,978.0,0
3500,2022-03-29,934.0,0
3501,2022-03-30,1165.0,1
3502,2022-03-31,1152.0,0
3503,2022-04-01,1144.0,0
3504,2022-04-06,1128.0,0
3505,2022-04-07,1171.0,0
3506,2022-04-08,1239.0,1
3507,2022-04-11,1146.0,0
3508,2022-04-12,1183.0,0
3509,2022-04-13,1102.0,0
3510,2022-04-14,1535.0,1
3511,2022-04-15,1322.0,1
3512,2022-04-18,1064.0,0
3513,2022-04-19,1057.0,0
3514,2022-04-20,1057.0,0
3515,2022-04-21,1214.0,0
3516,2022-04-22,1133.0,0
3517,2022-04-25,1070.0,0
3518,2022-04-26,1412.0,1
3519,2022-04-27,1316.0,1
3520,2022-04-28,1239.0,1
3521,2022-04-29,622.0,0
3522,2022-05-05,656.0,0
3523,2022-05-06,543.0,0
3524,2022-05-09,1202.0,0
3525,2022-05-10,1189.0,1
3526,2022-05-11,1135.0,1
3527,2022-05-12,1038.0,1
3528,2022-05-13,1068.0,1
3529,2022-05-16,909.0,0
3530,2022-05-17,919.0,0
3531,2022-05-18,760.0,0
3532,2022-05-19,932.0,0
3533,2022-05-20,931.0,0
3534,2022-05-23,820.0,0
3535,2022-05-24,1095.0,0
3536,2022-05-25,1286.0,0
3537,2022-05-26,1323.0,0
3538,2022-05-27,1255.0,1
3539,2022-05-30,1228.0,0
3540,2022-05-31,1472.0,1
3541,2022-06-01,864.0,0
3542,2022-06-02,1085.0,0
3543,2022-06-06,1246.0,1
3544,2022-06-07,965.0,0
3545,2022-06-08,1116.0,1
3546,2022-06-09,947.0,1
3547,2022-06-10,852.0,0
3548,2022-06-13,927.0,0
3549,2022-06-14,918.0,0
3550,2022-06-15,827.0,0
3551,2022-06-16,1292.0,0
3552,2022-06-17,1461.0,0
3553,2022-06-20,1193.0,0
3554,2022-06-21,1149.0,0
3555,2022-06-22,955.0,0
3556,2022-06-23,1184.0,0
3557,2022-06-24,1357.0,0
3558,2022-06-27,2117.0,1
3559,2022-06-28,1458.0,1
3560,2022-06-29,710.0,0
3561,2022-06-30,766.0,0
3562,2022-07-01,714.0,0
3563,2022-07-04,1069.0,0
3564,2022-07-05,872.0,0
3565,2022-07-06,921.0,0
3566,2022-07-07,659.0,0
3567,2022-07-08,975.0,0
3568,2022-07-11,1238.0,0
3569,2022-07-12,1224.0,0
3570,2022-07-13,1569.0,0
3571,2022-07-14,2383.0,1
3572,2022-07-15,1901.0,0
3573,2022-07-18,2265.0,1
3574,2022-07-19,642.0,0
3575,2022-07-20,1991.0,1
3576,2022-07-21,1402.0,1
3577,2022-07-22,904.0,1
3578,2022-07-25,612.0,0
3579,2022-07-26,702.0,0
3580,2022-07-27,880.0,0
3581,2022-07-28,1567.0,0
3582,2022-07-29,1367.0,0
3583,2022-08-01,1248.0,0
3584,2022-08-02,1707.0,0
3585,2022-08-03,1923.0,0
3586,2022-08-04,1704.0,1
3587,2022-08-05,1823.0,1
3588,2022-08-08,1898.0,1
3589,2022-08-09,1419.0,1
3590,2022-08-10,1381.0,1
3591,2022-08-11,1408.0,1
3592,2022-08-12,894.0,1
3593,2022-08-15,917.0,1
3594,2022-08-16,205.0,0
3595,2022-08-17,455.0,0
3596,2022-08-18,485.0,0
3597,2022-08-19,1216.0,1
3598,2022-08-22,1092.0,1
3599,2022-08-23,904.0,0
3600,2022-08-24,1013.0,1
3601,2022-08-25,950.0,1
3602,2022-08-26,1022.0,1
3603,2022-08-29,853.0,0
3604,2022-08-30,885.0,0
3605,2022-08-31,1029.0,0
3606,2022-09-01,969.0,0
3607,2022-09-02,1092.0,0
3608,2022-09-05,1778.0,1
3609,2022-09-06,1388.0,0
3610,2022-09-07,1322.0,0
3611,2022-09-08,1365.0,1
3612,2022-09-09,1433.0,1
3613,2022-09-13,1239.0,1
3614,2022-09-14,1171.0,0
3615,2022-09-15,1167.0,0
3616,2022-09-16,827.0,0
3617,2022-09-19,1228.0,0
3618,2022-09-20,1451.0,0
3619,2022-09-21,1399.0,0
3620,2022-09-22,1515.0,0
3621,2022-09-23,1357.0,0
3622,2022-09-26,1835.0,0
3623,2022-09-27,1983.0,0
3624,2022-09-28,2051.0,0
3625,2022-09-29,2289.0,1
3626,2022-09-30,2092.0,1
3627,2022-10-10,2082.0,1
3628,2022-10-11,2022.0,1
3629,2022-10-12,1768.0,1
3630,2022-10-13,1807.0,0
3631,2022-10-14,2346.0,0
3632,2022-10-17,2126.0,0
3633,2022-10-18,2246.0,0
3634,2022-10-19,2357.0,0
3635,2022-10-20,2437.0,0
3636,2022-10-21,2730.0,0
3637,2022-10-24,2664.0,0
3638,2022-10-25,2604.0,0
3639,2022-10-26,2639.0,0
3640,2022-10-27,2657.0,0
3641,2022-10-28,2813.0,0
3642,2022-10-31,2960.0,1
3643,2022-11-01,3011.0,1
3644,2022-11-02,2750.0,1
3645,2022-11-03,2415.0,1
3646,2022-11-04,2480.0,1
3647,2022-11-07,2263.0,0
3648,2022-11-08,2251.0,0
3649,2022-11-09,2346.0,1
3650,2022-11-10,2374.0,1
3651,2022-11-11,2126.0,1
3652,2022-11-14,1961.0,1
3653,2022-11-15,2017.0,1
3654,2022-11-16,1818.0,1
3655,2022-11-17,1786.0,0
3656,2022-11-18,1666.0,0
3657,2022-11-21,1628.0,0
3658,2022-11-22,1947.0,1
3659,2022-11-23,1682.0,1
3660,2022-11-24,1680.0,0
3661,2022-11-25,1627.0,0
3662,2022-11-28,1630.0,0
3663,2022-11-29,2081.0,1
3664,2022-11-30,1883.0,1
3665,2022-12-01,1938.0,1
3666,2022-12-02,1552.0,1
3667,2022-12-05,1487.0,1
3668,2022-12-06,1450.0,1
3669,2022-12-07,1291.0,1
3670,2022-12-08,1267.0,1
3671,2022-12-09,1224.0,1
3672,2022-12-12,1070.0,1
3673,2022-12-13,1164.0,1
3674,2022-12-14,1178.0,1
3675,2022-12-15,1106.0,0
3676,2022-12-16,952.0,0
3677,2022-12-19,844.0,0
3678,2022-12-20,1224.0,1
3679,2022-12-21,1097.0,1
3680,2022-12-22,885.0,0
3681,2022-12-23,1103.0,1
3682,2022-12-26,1078.0,1
3683,2022-12-27,933.0,1
3684,2022-12-28,778.0,1
3685,2022-12-29,789.0,1
3686,2022-12-30,865.0,1
3687,2023-01-03,786.0,1
3688,2023-01-04,690.0,1
3689,2023-01-05,769.0,1
3690,2023-01-06,831.0,1
3691,2023-01-09,743.0,1
3692,2023-01-10,724.0,0
3693,2023-01-11,722.0,0
3694,2023-01-12,816.0,0
3695,2023-01-13,860.0,1
3696,2023-01-16,814.0,1
3697,2023-01-17,944.0,1
3698,2023-01-18,859.0,1
3699,2023-01-19,547.0,1
3700,2023-01-20,541.0,1
3701,2023-01-30,636.0,1
3702,2023-01-31,904.0,1
3703,2023-02-01,772.0,0
3704,2023-02-02,733.0,0
3705,2023-02-03,880.0,0
3706,2023-02-06,918.0,0
3707,2023-02-07,1039.0,0
3708,2023-02-08,1016.0,0
3709,2023-02-09,1147.0,0
3710,2023-02-10,1084.0,0
3711,2023-02-13,1440.0,0
3712,2023-02-14,1563.0,1
3713,2023-02-15,1397.0,0
3714,2023-02-16,1293.0,1
3715,2023-02-17,1257.0,1
3716,2023-02-20,1426.0,1
3717,2023-02-21,1119.0,1
3718,2023-02-22,1015.0,0
3719,2023-02-23,1027.0,0
3720,2023-02-24,1036.0,0
3721,2023-02-27,1229.0,1
3722,2023-02-28,1149.0,1
3723,2023-03-01,1025.0,1
3724,2023-03-02,936.0,1
3725,2023-03-06,702.0,0
3726,2023-03-07,918.0,0
3727,2023-03-08,977.0,0
3728,2023-03-09,960.0,0
3729,2023-03-10,1155.0,0
3730,2023-03-13,1250.0,0
3731,2023-03-14,1313.0,0
3732,2023-03-15,1220.0,0
3733,2023-03-16,1170.0,0
3734,2023-03-17,1617.0,1
3735,2023-03-20,1443.0,1
3736,2023-03-21,1246.0,0
3737,2023-03-22,1308.0,0
3738,2023-03-23,1233.0,0
3739,2023-03-24,1243.0,1
3740,2023-03-27,1319.0,1
3741,2023-03-28,1271.0,1
3742,2023-03-29,986.0,1
3743,2023-03-30,915.0,0
